minTemp,maxTemp,material,rating,pressure
-29,38,ASTM A216 WCB,ASME 150,19.6
-29,50,ASTM A216 WCB,ASME 150,19.2
-29,100,ASTM A216 WCB,ASME 150,17.7
-29,150,ASTM A216 WCB,ASME 150,15.8
-29,200,ASTM A216 WCB,ASME 150,13.8
-29,250,ASTM A216 WCB,ASME 150,12.1
-29,300,ASTM A216 WCB,ASME 150,10.2
-29,325,ASTM A216 WCB,ASME 150,9.3
-29,350,ASTM A216 WCB,ASME 150,8.4
-29,375,ASTM A216 WCB,ASME 150,7.4
-29,400,ASTM A216 WCB,ASME 150,6.5
-29,425,ASTM A216 WCB,ASME 150,5.5
-29,450,ASTM A216 WCB,ASME 150,4.6
-29,475,ASTM A216 WCB,ASME 150,3.7
-29,500,ASTM A216 WCB,ASME 150,2.8
-29,538,ASTM A216 WCB,ASME 150,1.4
-29,38,ASTM A216 WCB,ASME 300,51.1
-29,50,ASTM A216 WCB,ASME 300,50.1
-29,100,ASTM A216 WCB,ASME 300,46.6
-29,150,ASTM A216 WCB,ASME 300,45.1
-29,200,ASTM A216 WCB,ASME 300,43.8
-29,250,ASTM A216 WCB,ASME 300,41.9
-29,300,ASTM A216 WCB,ASME 300,39.8
-29,325,ASTM A216 WCB,ASME 300,38.7
-29,350,ASTM A216 WCB,ASME 300,37.6
-29,375,ASTM A216 WCB,ASME 300,36.4
-29,400,ASTM A216 WCB,ASME 300,34.7
-29,425,ASTM A216 WCB,ASME 300,28.8
-29,450,ASTM A216 WCB,ASME 300,23
-29,475,ASTM A216 WCB,ASME 300,17.4
-29,500,ASTM A216 WCB,ASME 300,11.8
-29,538,ASTM A216 WCB,ASME 300,5.9
-29,38,ASTM A216 WCB,ASME 600,102.1
-29,50,ASTM A216 WCB,ASME 600,100.2
-29,100,ASTM A216 WCB,ASME 600,93.2
-29,150,ASTM A216 WCB,ASME 600,90.2
-29,200,ASTM A216 WCB,ASME 600,87.6
-29,250,ASTM A216 WCB,ASME 600,83.9
-29,300,ASTM A216 WCB,ASME 600,79.6
-29,325,ASTM A216 WCB,ASME 600,77.4
-29,350,ASTM A216 WCB,ASME 600,75.1
-29,375,ASTM A216 WCB,ASME 600,72.7
-29,400,ASTM A216 WCB,ASME 600,69.4
-29,425,ASTM A216 WCB,ASME 600,57.5
-29,450,ASTM A216 WCB,ASME 600,46
-29,475,ASTM A216 WCB,ASME 600,34.9
-29,500,ASTM A216 WCB,ASME 600,23.5
-29,538,ASTM A216 WCB,ASME 600,11.8
-29,38,ASTM A216 WCB,ASME 900,153.2
-29,50,ASTM A216 WCB,ASME 900,150.4
-29,100,ASTM A216 WCB,ASME 900,139.8
-29,150,ASTM A216 WCB,ASME 900,135.2
-29,200,ASTM A216 WCB,ASME 900,131.4
-29,250,ASTM A216 WCB,ASME 900,125.8
-29,300,ASTM A216 WCB,ASME 900,119.5
-29,325,ASTM A216 WCB,ASME 900,116.1
-29,350,ASTM A216 WCB,ASME 900,112.7
-29,375,ASTM A216 WCB,ASME 900,109.1
-29,400,ASTM A216 WCB,ASME 900,104.2
-29,425,ASTM A216 WCB,ASME 900,86.3
-29,450,ASTM A216 WCB,ASME 900,69
-29,475,ASTM A216 WCB,ASME 900,52.3
-29,500,ASTM A216 WCB,ASME 900,35.3
-29,538,ASTM A216 WCB,ASME 900,17.7
-29,38,ASTM A216 WCB,ASME 1500,255.3
-29,50,ASTM A216 WCB,ASME 1500,250.6
-29,100,ASTM A216 WCB,ASME 1500,233
-29,150,ASTM A216 WCB,ASME 1500,225.4
-29,200,ASTM A216 WCB,ASME 1500,219
-29,250,ASTM A216 WCB,ASME 1500,209.7
-29,300,ASTM A216 WCB,ASME 1500,199.1
-29,325,ASTM A216 WCB,ASME 1500,193.6
-29,350,ASTM A216 WCB,ASME 1500,187.8
-29,375,ASTM A216 WCB,ASME 1500,181.8
-29,400,ASTM A216 WCB,ASME 1500,173.6
-29,425,ASTM A216 WCB,ASME 1500,143.8
-29,450,ASTM A216 WCB,ASME 1500,115
-29,475,ASTM A216 WCB,ASME 1500,87.2
-29,500,ASTM A216 WCB,ASME 1500,58.8
-29,538,ASTM A216 WCB,ASME 1500,29.5
-29,38,ASTM A216 WCB,ASME 2500,425.5
-29,50,ASTM A216 WCB,ASME 2500,417.7
-29,100,ASTM A216 WCB,ASME 2500,388.3
-29,150,ASTM A216 WCB,ASME 2500,375.6
-29,200,ASTM A216 WCB,ASME 2500,365
-29,250,ASTM A216 WCB,ASME 2500,349.5
-29,300,ASTM A216 WCB,ASME 2500,331.8
-29,325,ASTM A216 WCB,ASME 2500,322.6
-29,350,ASTM A216 WCB,ASME 2500,313
-29,375,ASTM A216 WCB,ASME 2500,303.1
-29,400,ASTM A216 WCB,ASME 2500,289.3
-29,425,ASTM A216 WCB,ASME 2500,239.7
-29,450,ASTM A216 WCB,ASME 2500,191.7
-29,475,ASTM A216 WCB,ASME 2500,145.3
-29,500,ASTM A216 WCB,ASME 2500,97.9
-29,538,ASTM A216 WCB,ASME 2500,49.2
-29,38,ASTM A352 LCB,ASME 150,18.4
-29,50,ASTM A352 LCB,ASME 150,18.2
-29,100,ASTM A352 LCB,ASME 150,17.4
-29,150,ASTM A352 LCB,ASME 150,15.8
-29,200,ASTM A352 LCB,ASME 150,13.8
-29,250,ASTM A352 LCB,ASME 150,12.1
-29,300,ASTM A352 LCB,ASME 150,10.2
-29,325,ASTM A352 LCB,ASME 150,9.3
-29,350,ASTM A352 LCB,ASME 150,8.4
-29,375,ASTM A352 LCB,ASME 150,7.4
-29,400,ASTM A352 LCB,ASME 150,6.5
-29,425,ASTM A352 LCB,ASME 150,5.5
-29,450,ASTM A352 LCB,ASME 150,4.6
-29,475,ASTM A352 LCB,ASME 150,3.7
-29,500,ASTM A352 LCB,ASME 150,2.8
-29,538,ASTM A352 LCB,ASME 150,1.4
-29,38,ASTM A352 LCB,ASME 300,48
-29,50,ASTM A352 LCB,ASME 300,47.5
-29,100,ASTM A352 LCB,ASME 300,45.3
-29,150,ASTM A352 LCB,ASME 300,43.9
-29,200,ASTM A352 LCB,ASME 300,42.5
-29,250,ASTM A352 LCB,ASME 300,40.8
-29,300,ASTM A352 LCB,ASME 300,38.7
-29,325,ASTM A352 LCB,ASME 300,37.6
-29,350,ASTM A352 LCB,ASME 300,36.4
-29,375,ASTM A352 LCB,ASME 300,35
-29,400,ASTM A352 LCB,ASME 300,32.6
-29,425,ASTM A352 LCB,ASME 300,27.3
-29,450,ASTM A352 LCB,ASME 300,21.6
-29,475,ASTM A352 LCB,ASME 300,15.7
-29,500,ASTM A352 LCB,ASME 300,11.1
-29,538,ASTM A352 LCB,ASME 300,5.9
-29,38,ASTM A352 LCB,ASME 600,96
-29,50,ASTM A352 LCB,ASME 600,94.9
-29,100,ASTM A352 LCB,ASME 600,90.7
-29,150,ASTM A352 LCB,ASME 600,87.9
-29,200,ASTM A352 LCB,ASME 600,85.1
-29,250,ASTM A352 LCB,ASME 600,81.6
-29,300,ASTM A352 LCB,ASME 600,77.4
-29,325,ASTM A352 LCB,ASME 600,75.2
-29,350,ASTM A352 LCB,ASME 600,72.8
-29,375,ASTM A352 LCB,ASME 600,69.9
-29,400,ASTM A352 LCB,ASME 600,65.2
-29,425,ASTM A352 LCB,ASME 600,54.6
-29,450,ASTM A352 LCB,ASME 600,43.2
-29,475,ASTM A352 LCB,ASME 600,31.3
-29,500,ASTM A352 LCB,ASME 600,22.1
-29,538,ASTM A352 LCB,ASME 600,11.8
-29,38,ASTM A352 LCB,ASME 900,144.1
-29,50,ASTM A352 LCB,ASME 900,142.4
-29,100,ASTM A352 LCB,ASME 900,136
-29,150,ASTM A352 LCB,ASME 900,131.8
-29,200,ASTM A352 LCB,ASME 900,127.6
-29,250,ASTM A352 LCB,ASME 900,122.3
-29,300,ASTM A352 LCB,ASME 900,116.1
-29,325,ASTM A352 LCB,ASME 900,112.7
-29,350,ASTM A352 LCB,ASME 900,109.2
-29,375,ASTM A352 LCB,ASME 900,104.9
-29,400,ASTM A352 LCB,ASME 900,97.9
-29,425,ASTM A352 LCB,ASME 900,81.9
-29,450,ASTM A352 LCB,ASME 900,64.8
-29,475,ASTM A352 LCB,ASME 900,47
-29,500,ASTM A352 LCB,ASME 900,33.2
-29,538,ASTM A352 LCB,ASME 900,17.7
-29,38,ASTM A352 LCB,ASME 1500,240.1
-29,50,ASTM A352 LCB,ASME 1500,237.3
-29,100,ASTM A352 LCB,ASME 1500,226.7
-29,150,ASTM A352 LCB,ASME 1500,219.7
-29,200,ASTM A352 LCB,ASME 1500,212.7
-29,250,ASTM A352 LCB,ASME 1500,203.9
-29,300,ASTM A352 LCB,ASME 1500,193.4
-29,325,ASTM A352 LCB,ASME 1500,187.9
-29,350,ASTM A352 LCB,ASME 1500,182
-29,375,ASTM A352 LCB,ASME 1500,174.9
-29,400,ASTM A352 LCB,ASME 1500,163.1
-29,425,ASTM A352 LCB,ASME 1500,136.5
-29,450,ASTM A352 LCB,ASME 1500,107.9
-29,475,ASTM A352 LCB,ASME 1500,78.3
-29,500,ASTM A352 LCB,ASME 1500,55.4
-29,538,ASTM A352 LCB,ASME 1500,29.5
-29,38,ASTM A352 LCB,ASME 2500,400.1
-29,50,ASTM A352 LCB,ASME 2500,395.6
-29,100,ASTM A352 LCB,ASME 2500,377.8
-29,150,ASTM A352 LCB,ASME 2500,366.1
-29,200,ASTM A352 LCB,ASME 2500,354.4
-29,250,ASTM A352 LCB,ASME 2500,339.8
-29,300,ASTM A352 LCB,ASME 2500,322.4
-29,325,ASTM A352 LCB,ASME 2500,313.1
-29,350,ASTM A352 LCB,ASME 2500,303.3
-29,375,ASTM A352 LCB,ASME 2500,291.4
-29,400,ASTM A352 LCB,ASME 2500,271.9
-29,425,ASTM A352 LCB,ASME 2500,227.5
-29,450,ASTM A352 LCB,ASME 2500,179.9
-29,475,ASTM A352 LCB,ASME 2500,130.6
-29,500,ASTM A352 LCB,ASME 2500,92.3
-29,538,ASTM A352 LCB,ASME 2500,49.2
-29,38,ASTM A216  WCC,ASME 150,19.8
-29,50,ASTM A216  WCC,ASME 150,19.5
-29,100,ASTM A216  WCC,ASME 150,17.7
-29,150,ASTM A216  WCC,ASME 150,15.8
-29,200,ASTM A216  WCC,ASME 150,13.8
-29,250,ASTM A216  WCC,ASME 150,12.1
-29,300,ASTM A216  WCC,ASME 150,10.2
-29,325,ASTM A216  WCC,ASME 150,9.3
-29,350,ASTM A216  WCC,ASME 150,8.4
-29,375,ASTM A216  WCC,ASME 150,7.4
-29,400,ASTM A216  WCC,ASME 150,6.5
-29,425,ASTM A216  WCC,ASME 150,5.5
-29,450,ASTM A216  WCC,ASME 150,4.6
-29,475,ASTM A216  WCC,ASME 150,3.7
-29,500,ASTM A216  WCC,ASME 150,2.8
-29,538,ASTM A216  WCC,ASME 150,1.4
-29,38,ASTM A216  WCC,ASME 300,51.7
-29,50,ASTM A216  WCC,ASME 300,51.7
-29,100,ASTM A216  WCC,ASME 300,51.5
-29,150,ASTM A216  WCC,ASME 300,50.2
-29,200,ASTM A216  WCC,ASME 300,48.6
-29,250,ASTM A216  WCC,ASME 300,46.3
-29,300,ASTM A216  WCC,ASME 300,42.9
-29,325,ASTM A216  WCC,ASME 300,41.4
-29,350,ASTM A216  WCC,ASME 300,40
-29,375,ASTM A216  WCC,ASME 300,37.8
-29,400,ASTM A216  WCC,ASME 300,34.7
-29,425,ASTM A216  WCC,ASME 300,28.8
-29,450,ASTM A216  WCC,ASME 300,23
-29,475,ASTM A216  WCC,ASME 300,17.1
-29,500,ASTM A216  WCC,ASME 300,11.6
-29,538,ASTM A216  WCC,ASME 300,5.9
-29,38,ASTM A216  WCC,ASME 600,103.4
-29,50,ASTM A216  WCC,ASME 600,103.4
-29,100,ASTM A216  WCC,ASME 600,103
-29,150,ASTM A216  WCC,ASME 600,100.3
-29,200,ASTM A216  WCC,ASME 600,97.2
-29,250,ASTM A216  WCC,ASME 600,92.7
-29,300,ASTM A216  WCC,ASME 600,85.7
-29,325,ASTM A216  WCC,ASME 600,82.6
-29,350,ASTM A216  WCC,ASME 600,80
-29,375,ASTM A216  WCC,ASME 600,75.7
-29,400,ASTM A216  WCC,ASME 600,69.4
-29,425,ASTM A216  WCC,ASME 600,57.5
-29,450,ASTM A216  WCC,ASME 600,46
-29,475,ASTM A216  WCC,ASME 600,34.2
-29,500,ASTM A216  WCC,ASME 600,23.2
-29,538,ASTM A216  WCC,ASME 600,11.8
-29,38,ASTM A216  WCC,ASME 900,155.1
-29,50,ASTM A216  WCC,ASME 900,155.1
-29,100,ASTM A216  WCC,ASME 900,154.6
-29,150,ASTM A216  WCC,ASME 900,150.5
-29,200,ASTM A216  WCC,ASME 900,145.8
-29,250,ASTM A216  WCC,ASME 900,139
-29,300,ASTM A216  WCC,ASME 900,128.6
-29,325,ASTM A216  WCC,ASME 900,124
-29,350,ASTM A216  WCC,ASME 900,120.1
-29,375,ASTM A216  WCC,ASME 900,113.5
-29,400,ASTM A216  WCC,ASME 900,104.2
-29,425,ASTM A216  WCC,ASME 900,86.3
-29,450,ASTM A216  WCC,ASME 900,69
-29,475,ASTM A216  WCC,ASME 900,51.3
-29,500,ASTM A216  WCC,ASME 900,34.7
-29,538,ASTM A216  WCC,ASME 900,17.7
-29,38,ASTM A216  WCC,ASME 1500,258.6
-29,50,ASTM A216  WCC,ASME 1500,258.6
-29,100,ASTM A216  WCC,ASME 1500,257.6
-29,150,ASTM A216  WCC,ASME 1500,250.8
-29,200,ASTM A216  WCC,ASME 1500,243.2
-29,250,ASTM A216  WCC,ASME 1500,231.8
-29,300,ASTM A216  WCC,ASME 1500,214.4
-29,325,ASTM A216  WCC,ASME 1500,206.6
-29,350,ASTM A216  WCC,ASME 1500,200.1
-29,375,ASTM A216  WCC,ASME 1500,189.2
-29,400,ASTM A216  WCC,ASME 1500,173.6
-29,425,ASTM A216  WCC,ASME 1500,143.8
-29,450,ASTM A216  WCC,ASME 1500,115
-29,475,ASTM A216  WCC,ASME 1500,85.4
-29,500,ASTM A216  WCC,ASME 1500,57.9
-29,538,ASTM A216  WCC,ASME 1500,29.5
-29,38,ASTM A216  WCC,ASME 2500,430.9
-29,50,ASTM A216  WCC,ASME 2500,430.9
-29,100,ASTM A216  WCC,ASME 2500,429.4
-29,150,ASTM A216  WCC,ASME 2500,418.1
-29,200,ASTM A216  WCC,ASME 2500,405.4
-29,250,ASTM A216  WCC,ASME 2500,386.2
-29,300,ASTM A216  WCC,ASME 2500,357.1
-29,325,ASTM A216  WCC,ASME 2500,344.3
-29,350,ASTM A216  WCC,ASME 2500,333.5
-29,375,ASTM A216  WCC,ASME 2500,315.3
-29,400,ASTM A216  WCC,ASME 2500,289.3
-29,425,ASTM A216  WCC,ASME 2500,239.7
-29,450,ASTM A216  WCC,ASME 2500,191.7
-29,475,ASTM A216  WCC,ASME 2500,142.4
-29,500,ASTM A216  WCC,ASME 2500,96.5
-29,538,ASTM A216  WCC,ASME 2500,49.2
-29,38,ASTM A216  LCC,ASME 150,19.8
-29,50,ASTM A216  LCC,ASME 150,19.5
-29,100,ASTM A216  LCC,ASME 150,17.7
-29,150,ASTM A216  LCC,ASME 150,15.8
-29,200,ASTM A216  LCC,ASME 150,13.8
-29,250,ASTM A216  LCC,ASME 150,12.1
-29,300,ASTM A216  LCC,ASME 150,10.2
-29,325,ASTM A216  LCC,ASME 150,9.3
-29,350,ASTM A216  LCC,ASME 150,8.4
-29,375,ASTM A216  LCC,ASME 150,7.4
-29,400,ASTM A216  LCC,ASME 150,6.5
-29,425,ASTM A216  LCC,ASME 150,5.5
-29,450,ASTM A216  LCC,ASME 150,4.6
-29,475,ASTM A216  LCC,ASME 150,3.7
-29,500,ASTM A216  LCC,ASME 150,2.8
-29,538,ASTM A216  LCC,ASME 150,1.4
-29,38,ASTM A216  LCC,ASME 300,51.7
-29,50,ASTM A216  LCC,ASME 300,51.7
-29,100,ASTM A216  LCC,ASME 300,51.5
-29,150,ASTM A216  LCC,ASME 300,50.2
-29,200,ASTM A216  LCC,ASME 300,48.6
-29,250,ASTM A216  LCC,ASME 300,46.3
-29,300,ASTM A216  LCC,ASME 300,42.9
-29,325,ASTM A216  LCC,ASME 300,41.4
-29,350,ASTM A216  LCC,ASME 300,40
-29,375,ASTM A216  LCC,ASME 300,37.8
-29,400,ASTM A216  LCC,ASME 300,34.7
-29,425,ASTM A216  LCC,ASME 300,28.8
-29,450,ASTM A216  LCC,ASME 300,23
-29,475,ASTM A216  LCC,ASME 300,17.1
-29,500,ASTM A216  LCC,ASME 300,11.6
-29,538,ASTM A216  LCC,ASME 300,5.9
-29,38,ASTM A216  LCC,ASME 600,103.4
-29,50,ASTM A216  LCC,ASME 600,103.4
-29,100,ASTM A216  LCC,ASME 600,103
-29,150,ASTM A216  LCC,ASME 600,100.3
-29,200,ASTM A216  LCC,ASME 600,97.2
-29,250,ASTM A216  LCC,ASME 600,92.7
-29,300,ASTM A216  LCC,ASME 600,85.7
-29,325,ASTM A216  LCC,ASME 600,82.6
-29,350,ASTM A216  LCC,ASME 600,80
-29,375,ASTM A216  LCC,ASME 600,75.7
-29,400,ASTM A216  LCC,ASME 600,69.4
-29,425,ASTM A216  LCC,ASME 600,57.5
-29,450,ASTM A216  LCC,ASME 600,46
-29,475,ASTM A216  LCC,ASME 600,34.2
-29,500,ASTM A216  LCC,ASME 600,23.2
-29,538,ASTM A216  LCC,ASME 600,11.8
-29,38,ASTM A216  LCC,ASME 900,155.1
-29,50,ASTM A216  LCC,ASME 900,155.1
-29,100,ASTM A216  LCC,ASME 900,154.6
-29,150,ASTM A216  LCC,ASME 900,150.5
-29,200,ASTM A216  LCC,ASME 900,145.8
-29,250,ASTM A216  LCC,ASME 900,139
-29,300,ASTM A216  LCC,ASME 900,128.6
-29,325,ASTM A216  LCC,ASME 900,124
-29,350,ASTM A216  LCC,ASME 900,120.1
-29,375,ASTM A216  LCC,ASME 900,113.5
-29,400,ASTM A216  LCC,ASME 900,104.2
-29,425,ASTM A216  LCC,ASME 900,86.3
-29,450,ASTM A216  LCC,ASME 900,69
-29,475,ASTM A216  LCC,ASME 900,51.3
-29,500,ASTM A216  LCC,ASME 900,34.7
-29,538,ASTM A216  LCC,ASME 900,17.7
-29,38,ASTM A216  LCC,ASME 1500,258.6
-29,50,ASTM A216  LCC,ASME 1500,258.6
-29,100,ASTM A216  LCC,ASME 1500,257.6
-29,150,ASTM A216  LCC,ASME 1500,250.8
-29,200,ASTM A216  LCC,ASME 1500,243.2
-29,250,ASTM A216  LCC,ASME 1500,231.8
-29,300,ASTM A216  LCC,ASME 1500,214.4
-29,325,ASTM A216  LCC,ASME 1500,206.6
-29,350,ASTM A216  LCC,ASME 1500,200.1
-29,375,ASTM A216  LCC,ASME 1500,189.2
-29,400,ASTM A216  LCC,ASME 1500,173.6
-29,425,ASTM A216  LCC,ASME 1500,143.8
-29,450,ASTM A216  LCC,ASME 1500,115
-29,475,ASTM A216  LCC,ASME 1500,85.4
-29,500,ASTM A216  LCC,ASME 1500,57.9
-29,538,ASTM A216  LCC,ASME 1500,29.5
-29,38,ASTM A216  LCC,ASME 2500,430.9
-29,50,ASTM A216  LCC,ASME 2500,430.9
-29,100,ASTM A216  LCC,ASME 2500,429.4
-29,150,ASTM A216  LCC,ASME 2500,418.1
-29,200,ASTM A216  LCC,ASME 2500,405.4
-29,250,ASTM A216  LCC,ASME 2500,386.2
-29,300,ASTM A216  LCC,ASME 2500,357.1
-29,325,ASTM A216  LCC,ASME 2500,344.3
-29,350,ASTM A216  LCC,ASME 2500,333.5
-29,375,ASTM A216  LCC,ASME 2500,315.3
-29,400,ASTM A216  LCC,ASME 2500,289.3
-29,425,ASTM A216  LCC,ASME 2500,239.7
-29,450,ASTM A216  LCC,ASME 2500,191.7
-29,475,ASTM A216  LCC,ASME 2500,142.4
-29,500,ASTM A216  LCC,ASME 2500,96.5
-29,538,ASTM A216  LCC,ASME 2500,49.2
-29,38,ASTM A351  CF3M,ASME 150,19
-29,50,ASTM A351  CF3M,ASME 150,18.4
-29,100,ASTM A351  CF3M,ASME 150,16.2
-29,150,ASTM A351  CF3M,ASME 150,14.8
-29,200,ASTM A351  CF3M,ASME 150,13.7
-29,250,ASTM A351  CF3M,ASME 150,12.1
-29,300,ASTM A351  CF3M,ASME 150,10.2
-29,325,ASTM A351  CF3M,ASME 150,9.3
-29,350,ASTM A351  CF3M,ASME 150,8.4
-29,375,ASTM A351  CF3M,ASME 150,7.4
-29,400,ASTM A351  CF3M,ASME 150,6.5
-29,425,ASTM A351  CF3M,ASME 150,5.5
-29,450,ASTM A351  CF3M,ASME 150,4.6
-29,475,ASTM A351  CF3M,ASME 150,3.7
-29,500,ASTM A351  CF3M,ASME 150,2.8
-29,538,ASTM A351  CF3M,ASME 150,1.4
-29,550,ASTM A351  CF3M,ASME 150,1.4
-29,575,ASTM A351  CF3M,ASME 150,1.4
-29,600,ASTM A351  CF3M,ASME 150,1.4
-29,625,ASTM A351  CF3M,ASME 150,1.4
-29,650,ASTM A351  CF3M,ASME 150,1.4
-29,675,ASTM A351  CF3M,ASME 150,1.4
-29,700,ASTM A351  CF3M,ASME 150,1.4
-29,725,ASTM A351  CF3M,ASME 150,1.4
-29,750,ASTM A351  CF3M,ASME 150,1.4
-29,775,ASTM A351  CF3M,ASME 150,1.4
-29,800,ASTM A351  CF3M,ASME 150,1.2
-29,816,ASTM A351  CF3M,ASME 150,1
-29,38,ASTM A351  CF3M,ASME 300,49.6
-29,50,ASTM A351  CF3M,ASME 300,48.1
-29,100,ASTM A351  CF3M,ASME 300,42.2
-29,150,ASTM A351  CF3M,ASME 300,38.5
-29,200,ASTM A351  CF3M,ASME 300,35.7
-29,250,ASTM A351  CF3M,ASME 300,33.4
-29,300,ASTM A351  CF3M,ASME 300,31.6
-29,325,ASTM A351  CF3M,ASME 300,30.9
-29,350,ASTM A351  CF3M,ASME 300,30.3
-29,375,ASTM A351  CF3M,ASME 300,29.9
-29,400,ASTM A351  CF3M,ASME 300,29.4
-29,425,ASTM A351  CF3M,ASME 300,29.1
-29,450,ASTM A351  CF3M,ASME 300,28.8
-29,475,ASTM A351  CF3M,ASME 300,28.7
-29,500,ASTM A351  CF3M,ASME 300,28.2
-29,538,ASTM A351  CF3M,ASME 300,25.2
-29,550,ASTM A351  CF3M,ASME 300,25
-29,575,ASTM A351  CF3M,ASME 300,24
-29,600,ASTM A351  CF3M,ASME 300,19.9
-29,625,ASTM A351  CF3M,ASME 300,15.8
-29,650,ASTM A351  CF3M,ASME 300,12.7
-29,675,ASTM A351  CF3M,ASME 300,10.3
-29,700,ASTM A351  CF3M,ASME 300,8.4
-29,725,ASTM A351  CF3M,ASME 300,7
-29,750,ASTM A351  CF3M,ASME 300,5.9
-29,775,ASTM A351  CF3M,ASME 300,4.6
-29,800,ASTM A351  CF3M,ASME 300,3.5
-29,816,ASTM A351  CF3M,ASME 300,2.8
-29,38,ASTM A351  CF3M,ASME 600,99.3
-29,50,ASTM A351  CF3M,ASME 600,96.2
-29,100,ASTM A351  CF3M,ASME 600,84.4
-29,150,ASTM A351  CF3M,ASME 600,77
-29,200,ASTM A351  CF3M,ASME 600,71.3
-29,250,ASTM A351  CF3M,ASME 600,66.8
-29,300,ASTM A351  CF3M,ASME 600,63.2
-29,325,ASTM A351  CF3M,ASME 600,61.8
-29,350,ASTM A351  CF3M,ASME 600,60.7
-29,375,ASTM A351  CF3M,ASME 600,59.8
-29,400,ASTM A351  CF3M,ASME 600,58.9
-29,425,ASTM A351  CF3M,ASME 600,58.3
-29,450,ASTM A351  CF3M,ASME 600,57.7
-29,475,ASTM A351  CF3M,ASME 600,57.3
-29,500,ASTM A351  CF3M,ASME 600,56.5
-29,538,ASTM A351  CF3M,ASME 600,50
-29,550,ASTM A351  CF3M,ASME 600,49.8
-29,575,ASTM A351  CF3M,ASME 600,47.9
-29,600,ASTM A351  CF3M,ASME 600,39.8
-29,625,ASTM A351  CF3M,ASME 600,31.6
-29,650,ASTM A351  CF3M,ASME 600,25.3
-29,675,ASTM A351  CF3M,ASME 600,20.6
-29,700,ASTM A351  CF3M,ASME 600,16.8
-29,725,ASTM A351  CF3M,ASME 600,14
-29,750,ASTM A351  CF3M,ASME 600,11.7
-29,775,ASTM A351  CF3M,ASME 600,9
-29,800,ASTM A351  CF3M,ASME 600,7
-29,816,ASTM A351  CF3M,ASME 600,5.9
-29,38,ASTM A351  CF3M,ASME 900,148.9
-29,50,ASTM A351  CF3M,ASME 900,144.3
-29,100,ASTM A351  CF3M,ASME 900,126.6
-29,150,ASTM A351  CF3M,ASME 900,115.5
-29,200,ASTM A351  CF3M,ASME 900,107
-29,250,ASTM A351  CF3M,ASME 900,100.1
-29,300,ASTM A351  CF3M,ASME 900,94.9
-29,325,ASTM A351  CF3M,ASME 900,92.7
-29,350,ASTM A351  CF3M,ASME 900,91
-29,375,ASTM A351  CF3M,ASME 900,89.6
-29,400,ASTM A351  CF3M,ASME 900,88.3
-29,425,ASTM A351  CF3M,ASME 900,87.4
-29,450,ASTM A351  CF3M,ASME 900,86.5
-29,475,ASTM A351  CF3M,ASME 900,86
-29,500,ASTM A351  CF3M,ASME 900,84.7
-29,538,ASTM A351  CF3M,ASME 900,75.2
-29,550,ASTM A351  CF3M,ASME 900,74.8
-29,575,ASTM A351  CF3M,ASME 900,71.8
-29,600,ASTM A351  CF3M,ASME 900,59.7
-29,625,ASTM A351  CF3M,ASME 900,47.4
-29,650,ASTM A351  CF3M,ASME 900,38
-29,675,ASTM A351  CF3M,ASME 900,31
-29,700,ASTM A351  CF3M,ASME 900,25.1
-29,725,ASTM A351  CF3M,ASME 900,21
-29,750,ASTM A351  CF3M,ASME 900,17.6
-29,775,ASTM A351  CF3M,ASME 900,13.7
-29,800,ASTM A351  CF3M,ASME 900,10.5
-29,816,ASTM A351  CF3M,ASME 900,8.6
-29,38,ASTM A351  CF3M,ASME 1500,248.2
-29,50,ASTM A351  CF3M,ASME 1500,240.6
-29,100,ASTM A351  CF3M,ASME 1500,211
-29,150,ASTM A351  CF3M,ASME 1500,192.5
-29,200,ASTM A351  CF3M,ASME 1500,178.3
-29,250,ASTM A351  CF3M,ASME 1500,166.9
-29,300,ASTM A351  CF3M,ASME 1500,158.1
-29,325,ASTM A351  CF3M,ASME 1500,154.4
-29,350,ASTM A351  CF3M,ASME 1500,151.6
-29,375,ASTM A351  CF3M,ASME 1500,149.4
-29,400,ASTM A351  CF3M,ASME 1500,147.2
-29,425,ASTM A351  CF3M,ASME 1500,145.7
-29,450,ASTM A351  CF3M,ASME 1500,144.2
-29,475,ASTM A351  CF3M,ASME 1500,143.4
-29,500,ASTM A351  CF3M,ASME 1500,140.9
-29,538,ASTM A351  CF3M,ASME 1500,125.5
-29,550,ASTM A351  CF3M,ASME 1500,124.9
-29,575,ASTM A351  CF3M,ASME 1500,119.7
-29,600,ASTM A351  CF3M,ASME 1500,99.5
-29,625,ASTM A351  CF3M,ASME 1500,79.1
-29,650,ASTM A351  CF3M,ASME 1500,63.3
-29,675,ASTM A351  CF3M,ASME 1500,51.6
-29,700,ASTM A351  CF3M,ASME 1500,41.9
-29,725,ASTM A351  CF3M,ASME 1500,34.9
-29,750,ASTM A351  CF3M,ASME 1500,29.3
-29,775,ASTM A351  CF3M,ASME 1500,22.8
-29,800,ASTM A351  CF3M,ASME 1500,17.4
-29,816,ASTM A351  CF3M,ASME 1500,14.1
-29,38,ASTM A351  CF3M,ASME 2500,413.7
-29,50,ASTM A351  CF3M,ASME 2500,400.9
-29,100,ASTM A351  CF3M,ASME 2500,351.6
-29,150,ASTM A351  CF3M,ASME 2500,320.8
-29,200,ASTM A351  CF3M,ASME 2500,297.2
-29,250,ASTM A351  CF3M,ASME 2500,278.1
-29,300,ASTM A351  CF3M,ASME 2500,263.5
-29,325,ASTM A351  CF3M,ASME 2500,257.4
-29,350,ASTM A351  CF3M,ASME 2500,252.7
-29,375,ASTM A351  CF3M,ASME 2500,249
-29,400,ASTM A351  CF3M,ASME 2500,245.3
-29,425,ASTM A351  CF3M,ASME 2500,242.9
-29,450,ASTM A351  CF3M,ASME 2500,240.4
-29,475,ASTM A351  CF3M,ASME 2500,238.9
-29,500,ASTM A351  CF3M,ASME 2500,235
-29,538,ASTM A351  CF3M,ASME 2500,208.9
-29,550,ASTM A351  CF3M,ASME 2500,208
-29,575,ASTM A351  CF3M,ASME 2500,199.5
-29,600,ASTM A351  CF3M,ASME 2500,165.9
-29,625,ASTM A351  CF3M,ASME 2500,131.8
-29,650,ASTM A351  CF3M,ASME 2500,105.5
-29,675,ASTM A351  CF3M,ASME 2500,86
-29,700,ASTM A351  CF3M,ASME 2500,69.8
-29,725,ASTM A351  CF3M,ASME 2500,58.2
-29,750,ASTM A351  CF3M,ASME 2500,48.9
-29,775,ASTM A351  CF3M,ASME 2500,38
-29,800,ASTM A351  CF3M,ASME 2500,29.2
-29,816,ASTM A351  CF3M,ASME 2500,23.8
-29,38,ASTM A351 CF8M,ASME 150,19
-29,50,ASTM A351 CF8M,ASME 150,18.4
-29,100,ASTM A351 CF8M,ASME 150,16.2
-29,150,ASTM A351 CF8M,ASME 150,14.8
-29,200,ASTM A351 CF8M,ASME 150,13.7
-29,250,ASTM A351 CF8M,ASME 150,12.1
-29,300,ASTM A351 CF8M,ASME 150,10.2
-29,325,ASTM A351 CF8M,ASME 150,9.3
-29,350,ASTM A351 CF8M,ASME 150,8.4
-29,375,ASTM A351 CF8M,ASME 150,7.4
-29,400,ASTM A351 CF8M,ASME 150,6.5
-29,425,ASTM A351 CF8M,ASME 150,5.5
-29,450,ASTM A351 CF8M,ASME 150,4.6
-29,475,ASTM A351 CF8M,ASME 150,3.7
-29,500,ASTM A351 CF8M,ASME 150,2.8
-29,538,ASTM A351 CF8M,ASME 150,1.4
-29,550,ASTM A351 CF8M,ASME 150,1.4
-29,575,ASTM A351 CF8M,ASME 150,1.4
-29,600,ASTM A351 CF8M,ASME 150,1.4
-29,625,ASTM A351 CF8M,ASME 150,1.4
-29,650,ASTM A351 CF8M,ASME 150,1.4
-29,675,ASTM A351 CF8M,ASME 150,1.4
-29,700,ASTM A351 CF8M,ASME 150,1.4
-29,725,ASTM A351 CF8M,ASME 150,1.4
-29,750,ASTM A351 CF8M,ASME 150,1.4
-29,775,ASTM A351 CF8M,ASME 150,1.4
-29,800,ASTM A351 CF8M,ASME 150,1.2
-29,816,ASTM A351 CF8M,ASME 150,1
-29,38,ASTM A351 CF8M,ASME 300,49.6
-29,50,ASTM A351 CF8M,ASME 300,48.1
-29,100,ASTM A351 CF8M,ASME 300,42.2
-29,150,ASTM A351 CF8M,ASME 300,38.5
-29,200,ASTM A351 CF8M,ASME 300,35.7
-29,250,ASTM A351 CF8M,ASME 300,33.4
-29,300,ASTM A351 CF8M,ASME 300,31.6
-29,325,ASTM A351 CF8M,ASME 300,30.9
-29,350,ASTM A351 CF8M,ASME 300,30.3
-29,375,ASTM A351 CF8M,ASME 300,29.9
-29,400,ASTM A351 CF8M,ASME 300,29.4
-29,425,ASTM A351 CF8M,ASME 300,29.1
-29,450,ASTM A351 CF8M,ASME 300,28.8
-29,475,ASTM A351 CF8M,ASME 300,28.7
-29,500,ASTM A351 CF8M,ASME 300,28.2
-29,538,ASTM A351 CF8M,ASME 300,25.2
-29,550,ASTM A351 CF8M,ASME 300,25
-29,575,ASTM A351 CF8M,ASME 300,24
-29,600,ASTM A351 CF8M,ASME 300,19.9
-29,625,ASTM A351 CF8M,ASME 300,15.8
-29,650,ASTM A351 CF8M,ASME 300,12.7
-29,675,ASTM A351 CF8M,ASME 300,10.3
-29,700,ASTM A351 CF8M,ASME 300,8.4
-29,725,ASTM A351 CF8M,ASME 300,7
-29,750,ASTM A351 CF8M,ASME 300,5.9
-29,775,ASTM A351 CF8M,ASME 300,4.6
-29,800,ASTM A351 CF8M,ASME 300,3.5
-29,816,ASTM A351 CF8M,ASME 300,2.8
-29,38,ASTM A351 CF8M,ASME 600,99.3
-29,50,ASTM A351 CF8M,ASME 600,96.2
-29,100,ASTM A351 CF8M,ASME 600,84.4
-29,150,ASTM A351 CF8M,ASME 600,77
-29,200,ASTM A351 CF8M,ASME 600,71.3
-29,250,ASTM A351 CF8M,ASME 600,66.8
-29,300,ASTM A351 CF8M,ASME 600,63.2
-29,325,ASTM A351 CF8M,ASME 600,61.8
-29,350,ASTM A351 CF8M,ASME 600,60.7
-29,375,ASTM A351 CF8M,ASME 600,59.8
-29,400,ASTM A351 CF8M,ASME 600,58.9
-29,425,ASTM A351 CF8M,ASME 600,58.3
-29,450,ASTM A351 CF8M,ASME 600,57.7
-29,475,ASTM A351 CF8M,ASME 600,57.3
-29,500,ASTM A351 CF8M,ASME 600,56.5
-29,538,ASTM A351 CF8M,ASME 600,50
-29,550,ASTM A351 CF8M,ASME 600,49.8
-29,575,ASTM A351 CF8M,ASME 600,47.9
-29,600,ASTM A351 CF8M,ASME 600,39.8
-29,625,ASTM A351 CF8M,ASME 600,31.6
-29,650,ASTM A351 CF8M,ASME 600,25.3
-29,675,ASTM A351 CF8M,ASME 600,20.6
-29,700,ASTM A351 CF8M,ASME 600,16.8
-29,725,ASTM A351 CF8M,ASME 600,14
-29,750,ASTM A351 CF8M,ASME 600,11.7
-29,775,ASTM A351 CF8M,ASME 600,9
-29,800,ASTM A351 CF8M,ASME 600,7
-29,816,ASTM A351 CF8M,ASME 600,5.9
-29,38,ASTM A351 CF8M,ASME 900,148.9
-29,50,ASTM A351 CF8M,ASME 900,144.3
-29,100,ASTM A351 CF8M,ASME 900,126.6
-29,150,ASTM A351 CF8M,ASME 900,115.5
-29,200,ASTM A351 CF8M,ASME 900,107
-29,250,ASTM A351 CF8M,ASME 900,100.1
-29,300,ASTM A351 CF8M,ASME 900,94.9
-29,325,ASTM A351 CF8M,ASME 900,92.7
-29,350,ASTM A351 CF8M,ASME 900,91
-29,375,ASTM A351 CF8M,ASME 900,89.6
-29,400,ASTM A351 CF8M,ASME 900,88.3
-29,425,ASTM A351 CF8M,ASME 900,87.4
-29,450,ASTM A351 CF8M,ASME 900,86.5
-29,475,ASTM A351 CF8M,ASME 900,86
-29,500,ASTM A351 CF8M,ASME 900,84.7
-29,538,ASTM A351 CF8M,ASME 900,75.2
-29,550,ASTM A351 CF8M,ASME 900,74.8
-29,575,ASTM A351 CF8M,ASME 900,71.8
-29,600,ASTM A351 CF8M,ASME 900,59.7
-29,625,ASTM A351 CF8M,ASME 900,47.4
-29,650,ASTM A351 CF8M,ASME 900,38
-29,675,ASTM A351 CF8M,ASME 900,31
-29,700,ASTM A351 CF8M,ASME 900,25.1
-29,725,ASTM A351 CF8M,ASME 900,21
-29,750,ASTM A351 CF8M,ASME 900,17.6
-29,775,ASTM A351 CF8M,ASME 900,13.7
-29,800,ASTM A351 CF8M,ASME 900,10.5
-29,816,ASTM A351 CF8M,ASME 900,8.6
-29,38,ASTM A351 CF8M,ASME 1500,248.2
-29,50,ASTM A351 CF8M,ASME 1500,240.6
-29,100,ASTM A351 CF8M,ASME 1500,211
-29,150,ASTM A351 CF8M,ASME 1500,192.5
-29,200,ASTM A351 CF8M,ASME 1500,178.3
-29,250,ASTM A351 CF8M,ASME 1500,166.9
-29,300,ASTM A351 CF8M,ASME 1500,158.1
-29,325,ASTM A351 CF8M,ASME 1500,154.4
-29,350,ASTM A351 CF8M,ASME 1500,151.6
-29,375,ASTM A351 CF8M,ASME 1500,149.4
-29,400,ASTM A351 CF8M,ASME 1500,147.2
-29,425,ASTM A351 CF8M,ASME 1500,145.7
-29,450,ASTM A351 CF8M,ASME 1500,144.2
-29,475,ASTM A351 CF8M,ASME 1500,143.4
-29,500,ASTM A351 CF8M,ASME 1500,140.9
-29,538,ASTM A351 CF8M,ASME 1500,125.5
-29,550,ASTM A351 CF8M,ASME 1500,124.9
-29,575,ASTM A351 CF8M,ASME 1500,119.7
-29,600,ASTM A351 CF8M,ASME 1500,99.5
-29,625,ASTM A351 CF8M,ASME 1500,79.1
-29,650,ASTM A351 CF8M,ASME 1500,63.3
-29,675,ASTM A351 CF8M,ASME 1500,51.6
-29,700,ASTM A351 CF8M,ASME 1500,41.9
-29,725,ASTM A351 CF8M,ASME 1500,34.9
-29,750,ASTM A351 CF8M,ASME 1500,29.3
-29,775,ASTM A351 CF8M,ASME 1500,22.8
-29,800,ASTM A351 CF8M,ASME 1500,17.4
-29,816,ASTM A351 CF8M,ASME 1500,14.1
-29,38,ASTM A351 CF8M,ASME 2500,413.7
-29,50,ASTM A351 CF8M,ASME 2500,400.9
-29,100,ASTM A351 CF8M,ASME 2500,351.6
-29,150,ASTM A351 CF8M,ASME 2500,320.8
-29,200,ASTM A351 CF8M,ASME 2500,297.2
-29,250,ASTM A351 CF8M,ASME 2500,278.1
-29,300,ASTM A351 CF8M,ASME 2500,263.5
-29,325,ASTM A351 CF8M,ASME 2500,257.4
-29,350,ASTM A351 CF8M,ASME 2500,252.7
-29,375,ASTM A351 CF8M,ASME 2500,249
-29,400,ASTM A351 CF8M,ASME 2500,245.3
-29,425,ASTM A351 CF8M,ASME 2500,242.9
-29,450,ASTM A351 CF8M,ASME 2500,240.4
-29,475,ASTM A351 CF8M,ASME 2500,238.9
-29,500,ASTM A351 CF8M,ASME 2500,235
-29,538,ASTM A351 CF8M,ASME 2500,208.9
-29,550,ASTM A351 CF8M,ASME 2500,208
-29,575,ASTM A351 CF8M,ASME 2500,199.5
-29,600,ASTM A351 CF8M,ASME 2500,165.9
-29,625,ASTM A351 CF8M,ASME 2500,131.8
-29,650,ASTM A351 CF8M,ASME 2500,105.5
-29,675,ASTM A351 CF8M,ASME 2500,86
-29,700,ASTM A351 CF8M,ASME 2500,69.8
-29,725,ASTM A351 CF8M,ASME 2500,58.2
-29,750,ASTM A351 CF8M,ASME 2500,48.9
-29,775,ASTM A351 CF8M,ASME 2500,38
-29,800,ASTM A351 CF8M,ASME 2500,29.2
-29,816,ASTM A351 CF8M,ASME 2500,23.8
-29,38,ASTM A351 CF3,ASME 150,19
-29,50,ASTM A351 CF3,ASME 150,18.3
-29,100,ASTM A351 CF3,ASME 150,15.7
-29,150,ASTM A351 CF3,ASME 150,14.2
-29,200,ASTM A351 CF3,ASME 150,13.2
-29,250,ASTM A351 CF3,ASME 150,12.1
-29,300,ASTM A351 CF3,ASME 150,10.2
-29,325,ASTM A351 CF3,ASME 150,9.3
-29,350,ASTM A351 CF3,ASME 150,8.4
-29,375,ASTM A351 CF3,ASME 150,7.4
-29,400,ASTM A351 CF3,ASME 150,6.5
-29,425,ASTM A351 CF3,ASME 150,5.5
-29,450,ASTM A351 CF3,ASME 150,4.6
-29,475,ASTM A351 CF3,ASME 150,3.7
-29,500,ASTM A351 CF3,ASME 150,2.8
-29,538,ASTM A351 CF3,ASME 150,1.4
-29,550,ASTM A351 CF3,ASME 150,1.4
-29,575,ASTM A351 CF3,ASME 150,1.4
-29,600,ASTM A351 CF3,ASME 150,1.4
-29,625,ASTM A351 CF3,ASME 150,1.4
-29,650,ASTM A351 CF3,ASME 150,1.4
-29,675,ASTM A351 CF3,ASME 150,1.4
-29,700,ASTM A351 CF3,ASME 150,1.4
-29,725,ASTM A351 CF3,ASME 150,1.4
-29,750,ASTM A351 CF3,ASME 150,1.4
-29,775,ASTM A351 CF3,ASME 150,1.4
-29,800,ASTM A351 CF3,ASME 150,1.2
-29,816,ASTM A351 CF3,ASME 150,1
-29,38,ASTM A351 CF3,ASME 300,49.6
-29,50,ASTM A351 CF3,ASME 300,47.8
-29,100,ASTM A351 CF3,ASME 300,40.9
-29,150,ASTM A351 CF3,ASME 300,37
-29,200,ASTM A351 CF3,ASME 300,34.5
-29,250,ASTM A351 CF3,ASME 300,32.5
-29,300,ASTM A351 CF3,ASME 300,30.9
-29,325,ASTM A351 CF3,ASME 300,30.2
-29,350,ASTM A351 CF3,ASME 300,29.6
-29,375,ASTM A351 CF3,ASME 300,29
-29,400,ASTM A351 CF3,ASME 300,28.4
-29,425,ASTM A351 CF3,ASME 300,28
-29,450,ASTM A351 CF3,ASME 300,27.4
-29,475,ASTM A351 CF3,ASME 300,26.9
-29,500,ASTM A351 CF3,ASME 300,26.5
-29,538,ASTM A351 CF3,ASME 300,24.4
-29,550,ASTM A351 CF3,ASME 300,23.6
-29,575,ASTM A351 CF3,ASME 300,20.8
-29,600,ASTM A351 CF3,ASME 300,16.9
-29,625,ASTM A351 CF3,ASME 300,13.8
-29,650,ASTM A351 CF3,ASME 300,11.3
-29,675,ASTM A351 CF3,ASME 300,9.3
-29,700,ASTM A351 CF3,ASME 300,8
-29,725,ASTM A351 CF3,ASME 300,6.8
-29,750,ASTM A351 CF3,ASME 300,5.8
-29,775,ASTM A351 CF3,ASME 300,4.6
-29,800,ASTM A351 CF3,ASME 300,3.5
-29,816,ASTM A351 CF3,ASME 300,2.8
-29,38,ASTM A351 CF3,ASME 600,99.3
-29,50,ASTM A351 CF3,ASME 600,95.6
-29,100,ASTM A351 CF3,ASME 600,81.7
-29,150,ASTM A351 CF3,ASME 600,74
-29,200,ASTM A351 CF3,ASME 600,69
-29,250,ASTM A351 CF3,ASME 600,65
-29,300,ASTM A351 CF3,ASME 600,61.8
-29,325,ASTM A351 CF3,ASME 600,60.4
-29,350,ASTM A351 CF3,ASME 600,59.3
-29,375,ASTM A351 CF3,ASME 600,58.1
-29,400,ASTM A351 CF3,ASME 600,56.9
-29,425,ASTM A351 CF3,ASME 600,56
-29,450,ASTM A351 CF3,ASME 600,54.8
-29,475,ASTM A351 CF3,ASME 600,53.9
-29,500,ASTM A351 CF3,ASME 600,53
-29,538,ASTM A351 CF3,ASME 600,48.9
-29,550,ASTM A351 CF3,ASME 600,47.1
-29,575,ASTM A351 CF3,ASME 600,41.7
-29,600,ASTM A351 CF3,ASME 600,33.8
-29,625,ASTM A351 CF3,ASME 600,27.6
-29,650,ASTM A351 CF3,ASME 600,22.5
-29,675,ASTM A351 CF3,ASME 600,18.7
-29,700,ASTM A351 CF3,ASME 600,16.1
-29,725,ASTM A351 CF3,ASME 600,13.5
-29,750,ASTM A351 CF3,ASME 600,11.6
-29,775,ASTM A351 CF3,ASME 600,9
-29,800,ASTM A351 CF3,ASME 600,7
-29,816,ASTM A351 CF3,ASME 600,5.9
-29,38,ASTM A351 CF3,ASME 900,148.9
-29,50,ASTM A351 CF3,ASME 900,143.5
-29,100,ASTM A351 CF3,ASME 900,122.6
-29,150,ASTM A351 CF3,ASME 900,111
-29,200,ASTM A351 CF3,ASME 900,103.4
-29,250,ASTM A351 CF3,ASME 900,97.5
-29,300,ASTM A351 CF3,ASME 900,92.7
-29,325,ASTM A351 CF3,ASME 900,90.7
-29,350,ASTM A351 CF3,ASME 900,88.9
-29,375,ASTM A351 CF3,ASME 900,87.1
-29,400,ASTM A351 CF3,ASME 900,85.3
-29,425,ASTM A351 CF3,ASME 900,84
-29,450,ASTM A351 CF3,ASME 900,82.2
-29,475,ASTM A351 CF3,ASME 900,80.8
-29,500,ASTM A351 CF3,ASME 900,79.5
-29,538,ASTM A351 CF3,ASME 900,73.3
-29,550,ASTM A351 CF3,ASME 900,70.7
-29,575,ASTM A351 CF3,ASME 900,62.5
-29,600,ASTM A351 CF3,ASME 900,50.6
-29,625,ASTM A351 CF3,ASME 900,41.4
-29,650,ASTM A351 CF3,ASME 900,33.8
-29,675,ASTM A351 CF3,ASME 900,28
-29,700,ASTM A351 CF3,ASME 900,24.1
-29,725,ASTM A351 CF3,ASME 900,20.3
-29,750,ASTM A351 CF3,ASME 900,17.3
-29,775,ASTM A351 CF3,ASME 900,13.7
-29,800,ASTM A351 CF3,ASME 900,10.5
-29,816,ASTM A351 CF3,ASME 900,8.6
-29,38,ASTM A351 CF3,ASME 1500,248.2
-29,50,ASTM A351 CF3,ASME 1500,239.1
-29,100,ASTM A351 CF3,ASME 1500,204.3
-29,150,ASTM A351 CF3,ASME 1500,185
-29,200,ASTM A351 CF3,ASME 1500,172.4
-29,250,ASTM A351 CF3,ASME 1500,162.4
-29,300,ASTM A351 CF3,ASME 1500,154.6
-29,325,ASTM A351 CF3,ASME 1500,151.1
-29,350,ASTM A351 CF3,ASME 1500,148.1
-29,375,ASTM A351 CF3,ASME 1500,145.2
-29,400,ASTM A351 CF3,ASME 1500,142.2
-29,425,ASTM A351 CF3,ASME 1500,140
-29,450,ASTM A351 CF3,ASME 1500,137
-29,475,ASTM A351 CF3,ASME 1500,134.7
-29,500,ASTM A351 CF3,ASME 1500,132.4
-29,538,ASTM A351 CF3,ASME 1500,122.1
-29,550,ASTM A351 CF3,ASME 1500,117.8
-29,575,ASTM A351 CF3,ASME 1500,104.2
-29,600,ASTM A351 CF3,ASME 1500,84.4
-29,625,ASTM A351 CF3,ASME 1500,68.9
-29,650,ASTM A351 CF3,ASME 1500,56.3
-29,675,ASTM A351 CF3,ASME 1500,46.7
-29,700,ASTM A351 CF3,ASME 1500,40.1
-29,725,ASTM A351 CF3,ASME 1500,33.8
-29,750,ASTM A351 CF3,ASME 1500,28.9
-29,775,ASTM A351 CF3,ASME 1500,22.8
-29,800,ASTM A351 CF3,ASME 1500,17.4
-29,816,ASTM A351 CF3,ASME 1500,14.1
-29,38,ASTM A351 CF3,ASME 2500,413.7
-29,50,ASTM A351 CF3,ASME 2500,398.5
-29,100,ASTM A351 CF3,ASME 2500,340.4
-29,150,ASTM A351 CF3,ASME 2500,308.4
-29,200,ASTM A351 CF3,ASME 2500,287.3
-29,250,ASTM A351 CF3,ASME 2500,270.7
-29,300,ASTM A351 CF3,ASME 2500,257.6
-29,325,ASTM A351 CF3,ASME 2500,251.9
-29,350,ASTM A351 CF3,ASME 2500,246.9
-29,375,ASTM A351 CF3,ASME 2500,241.9
-29,400,ASTM A351 CF3,ASME 2500,237
-29,425,ASTM A351 CF3,ASME 2500,233.3
-29,450,ASTM A351 CF3,ASME 2500,228.4
-29,475,ASTM A351 CF3,ASME 2500,224.5
-29,500,ASTM A351 CF3,ASME 2500,220.7
-29,538,ASTM A351 CF3,ASME 2500,203.6
-29,550,ASTM A351 CF3,ASME 2500,196.3
-29,575,ASTM A351 CF3,ASME 2500,173.7
-29,600,ASTM A351 CF3,ASME 2500,140.7
-29,625,ASTM A351 CF3,ASME 2500,114.9
-29,650,ASTM A351 CF3,ASME 2500,93.8
-29,675,ASTM A351 CF3,ASME 2500,77.9
-29,700,ASTM A351 CF3,ASME 2500,66.9
-29,725,ASTM A351 CF3,ASME 2500,56.3
-29,750,ASTM A351 CF3,ASME 2500,48.1
-29,775,ASTM A351 CF3,ASME 2500,38
-29,800,ASTM A351 CF3,ASME 2500,29.2
-29,816,ASTM A351 CF3,ASME 2500,23.8
-29,38,ASTM A351 CF8,ASME 150,19
-29,50,ASTM A351 CF8,ASME 150,18.3
-29,100,ASTM A351 CF8,ASME 150,15.7
-29,150,ASTM A351 CF8,ASME 150,14.2
-29,200,ASTM A351 CF8,ASME 150,13.2
-29,250,ASTM A351 CF8,ASME 150,12.1
-29,300,ASTM A351 CF8,ASME 150,10.2
-29,325,ASTM A351 CF8,ASME 150,9.3
-29,350,ASTM A351 CF8,ASME 150,8.4
-29,375,ASTM A351 CF8,ASME 150,7.4
-29,400,ASTM A351 CF8,ASME 150,6.5
-29,425,ASTM A351 CF8,ASME 150,5.5
-29,450,ASTM A351 CF8,ASME 150,4.6
-29,475,ASTM A351 CF8,ASME 150,3.7
-29,500,ASTM A351 CF8,ASME 150,2.8
-29,538,ASTM A351 CF8,ASME 150,1.4
-29,550,ASTM A351 CF8,ASME 150,1.4
-29,575,ASTM A351 CF8,ASME 150,1.4
-29,600,ASTM A351 CF8,ASME 150,1.4
-29,625,ASTM A351 CF8,ASME 150,1.4
-29,650,ASTM A351 CF8,ASME 150,1.4
-29,675,ASTM A351 CF8,ASME 150,1.4
-29,700,ASTM A351 CF8,ASME 150,1.4
-29,725,ASTM A351 CF8,ASME 150,1.4
-29,750,ASTM A351 CF8,ASME 150,1.4
-29,775,ASTM A351 CF8,ASME 150,1.4
-29,800,ASTM A351 CF8,ASME 150,1.2
-29,816,ASTM A351 CF8,ASME 150,1
-29,38,ASTM A351 CF8,ASME 300,49.6
-29,50,ASTM A351 CF8,ASME 300,47.8
-29,100,ASTM A351 CF8,ASME 300,40.9
-29,150,ASTM A351 CF8,ASME 300,37
-29,200,ASTM A351 CF8,ASME 300,34.5
-29,250,ASTM A351 CF8,ASME 300,32.5
-29,300,ASTM A351 CF8,ASME 300,30.9
-29,325,ASTM A351 CF8,ASME 300,30.2
-29,350,ASTM A351 CF8,ASME 300,29.6
-29,375,ASTM A351 CF8,ASME 300,29
-29,400,ASTM A351 CF8,ASME 300,28.4
-29,425,ASTM A351 CF8,ASME 300,28
-29,450,ASTM A351 CF8,ASME 300,27.4
-29,475,ASTM A351 CF8,ASME 300,26.9
-29,500,ASTM A351 CF8,ASME 300,26.5
-29,538,ASTM A351 CF8,ASME 300,24.4
-29,550,ASTM A351 CF8,ASME 300,23.6
-29,575,ASTM A351 CF8,ASME 300,20.8
-29,600,ASTM A351 CF8,ASME 300,16.9
-29,625,ASTM A351 CF8,ASME 300,13.8
-29,650,ASTM A351 CF8,ASME 300,11.3
-29,675,ASTM A351 CF8,ASME 300,9.3
-29,700,ASTM A351 CF8,ASME 300,8
-29,725,ASTM A351 CF8,ASME 300,6.8
-29,750,ASTM A351 CF8,ASME 300,5.8
-29,775,ASTM A351 CF8,ASME 300,4.6
-29,800,ASTM A351 CF8,ASME 300,3.5
-29,816,ASTM A351 CF8,ASME 300,2.8
-29,38,ASTM A351 CF8,ASME 600,99.3
-29,50,ASTM A351 CF8,ASME 600,95.6
-29,100,ASTM A351 CF8,ASME 600,81.7
-29,150,ASTM A351 CF8,ASME 600,74
-29,200,ASTM A351 CF8,ASME 600,69
-29,250,ASTM A351 CF8,ASME 600,65
-29,300,ASTM A351 CF8,ASME 600,61.8
-29,325,ASTM A351 CF8,ASME 600,60.4
-29,350,ASTM A351 CF8,ASME 600,59.3
-29,375,ASTM A351 CF8,ASME 600,58.1
-29,400,ASTM A351 CF8,ASME 600,56.9
-29,425,ASTM A351 CF8,ASME 600,56
-29,450,ASTM A351 CF8,ASME 600,54.8
-29,475,ASTM A351 CF8,ASME 600,53.9
-29,500,ASTM A351 CF8,ASME 600,53
-29,538,ASTM A351 CF8,ASME 600,48.9
-29,550,ASTM A351 CF8,ASME 600,47.1
-29,575,ASTM A351 CF8,ASME 600,41.7
-29,600,ASTM A351 CF8,ASME 600,33.8
-29,625,ASTM A351 CF8,ASME 600,27.6
-29,650,ASTM A351 CF8,ASME 600,22.5
-29,675,ASTM A351 CF8,ASME 600,18.7
-29,700,ASTM A351 CF8,ASME 600,16.1
-29,725,ASTM A351 CF8,ASME 600,13.5
-29,750,ASTM A351 CF8,ASME 600,11.6
-29,775,ASTM A351 CF8,ASME 600,9
-29,800,ASTM A351 CF8,ASME 600,7
-29,816,ASTM A351 CF8,ASME 600,5.9
-29,38,ASTM A351 CF8,ASME 900,148.9
-29,50,ASTM A351 CF8,ASME 900,143.5
-29,100,ASTM A351 CF8,ASME 900,122.6
-29,150,ASTM A351 CF8,ASME 900,111
-29,200,ASTM A351 CF8,ASME 900,103.4
-29,250,ASTM A351 CF8,ASME 900,97.5
-29,300,ASTM A351 CF8,ASME 900,92.7
-29,325,ASTM A351 CF8,ASME 900,90.7
-29,350,ASTM A351 CF8,ASME 900,88.9
-29,375,ASTM A351 CF8,ASME 900,87.1
-29,400,ASTM A351 CF8,ASME 900,85.3
-29,425,ASTM A351 CF8,ASME 900,84
-29,450,ASTM A351 CF8,ASME 900,82.2
-29,475,ASTM A351 CF8,ASME 900,80.8
-29,500,ASTM A351 CF8,ASME 900,79.5
-29,538,ASTM A351 CF8,ASME 900,73.3
-29,550,ASTM A351 CF8,ASME 900,70.7
-29,575,ASTM A351 CF8,ASME 900,62.5
-29,600,ASTM A351 CF8,ASME 900,50.6
-29,625,ASTM A351 CF8,ASME 900,41.4
-29,650,ASTM A351 CF8,ASME 900,33.8
-29,675,ASTM A351 CF8,ASME 900,28
-29,700,ASTM A351 CF8,ASME 900,24.1
-29,725,ASTM A351 CF8,ASME 900,20.3
-29,750,ASTM A351 CF8,ASME 900,17.3
-29,775,ASTM A351 CF8,ASME 900,13.7
-29,800,ASTM A351 CF8,ASME 900,10.5
-29,816,ASTM A351 CF8,ASME 900,8.6
-29,38,ASTM A351 CF8,ASME 1500,248.2
-29,50,ASTM A351 CF8,ASME 1500,239.1
-29,100,ASTM A351 CF8,ASME 1500,204.3
-29,150,ASTM A351 CF8,ASME 1500,185
-29,200,ASTM A351 CF8,ASME 1500,172.4
-29,250,ASTM A351 CF8,ASME 1500,162.4
-29,300,ASTM A351 CF8,ASME 1500,154.6
-29,325,ASTM A351 CF8,ASME 1500,151.1
-29,350,ASTM A351 CF8,ASME 1500,148.1
-29,375,ASTM A351 CF8,ASME 1500,145.2
-29,400,ASTM A351 CF8,ASME 1500,142.2
-29,425,ASTM A351 CF8,ASME 1500,140
-29,450,ASTM A351 CF8,ASME 1500,137
-29,475,ASTM A351 CF8,ASME 1500,134.7
-29,500,ASTM A351 CF8,ASME 1500,132.4
-29,538,ASTM A351 CF8,ASME 1500,122.1
-29,550,ASTM A351 CF8,ASME 1500,117.8
-29,575,ASTM A351 CF8,ASME 1500,104.2
-29,600,ASTM A351 CF8,ASME 1500,84.4
-29,625,ASTM A351 CF8,ASME 1500,68.9
-29,650,ASTM A351 CF8,ASME 1500,56.3
-29,675,ASTM A351 CF8,ASME 1500,46.7
-29,700,ASTM A351 CF8,ASME 1500,40.1
-29,725,ASTM A351 CF8,ASME 1500,33.8
-29,750,ASTM A351 CF8,ASME 1500,28.9
-29,775,ASTM A351 CF8,ASME 1500,22.8
-29,800,ASTM A351 CF8,ASME 1500,17.4
-29,816,ASTM A351 CF8,ASME 1500,14.1
-29,38,ASTM A351 CF8,ASME 2500,413.7
-29,50,ASTM A351 CF8,ASME 2500,398.5
-29,100,ASTM A351 CF8,ASME 2500,340.4
-29,150,ASTM A351 CF8,ASME 2500,308.4
-29,200,ASTM A351 CF8,ASME 2500,287.3
-29,250,ASTM A351 CF8,ASME 2500,270.7
-29,300,ASTM A351 CF8,ASME 2500,257.6
-29,325,ASTM A351 CF8,ASME 2500,251.9
-29,350,ASTM A351 CF8,ASME 2500,246.9
-29,375,ASTM A351 CF8,ASME 2500,241.9
-29,400,ASTM A351 CF8,ASME 2500,237
-29,425,ASTM A351 CF8,ASME 2500,233.3
-29,450,ASTM A351 CF8,ASME 2500,228.4
-29,475,ASTM A351 CF8,ASME 2500,224.5
-29,500,ASTM A351 CF8,ASME 2500,220.7
-29,538,ASTM A351 CF8,ASME 2500,203.6
-29,550,ASTM A351 CF8,ASME 2500,196.3
-29,575,ASTM A351 CF8,ASME 2500,173.7
-29,600,ASTM A351 CF8,ASME 2500,140.7
-29,625,ASTM A351 CF8,ASME 2500,114.9
-29,650,ASTM A351 CF8,ASME 2500,93.8
-29,675,ASTM A351 CF8,ASME 2500,77.9
-29,700,ASTM A351 CF8,ASME 2500,66.9
-29,725,ASTM A351 CF8,ASME 2500,56.3
-29,750,ASTM A351 CF8,ASME 2500,48.1
-29,775,ASTM A351 CF8,ASME 2500,38
-29,800,ASTM A351 CF8,ASME 2500,29.2
-29,816,ASTM A351 CF8,ASME 2500,23.8
-29,38,ASTM A351 CK3MCuN,ASME 150,20
-29,50,ASTM A351 CK3MCuN,ASME 150,19.5
-29,100,ASTM A351 CK3MCuN,ASME 150,17.7
-29,150,ASTM A351 CK3MCuN,ASME 150,15.8
-29,200,ASTM A351 CK3MCuN,ASME 150,13.8
-29,250,ASTM A351 CK3MCuN,ASME 150,12.1
-29,300,ASTM A351 CK3MCuN,ASME 150,10.2
-29,325,ASTM A351 CK3MCuN,ASME 150,9.3
-29,350,ASTM A351 CK3MCuN,ASME 150,8.4
-29,375,ASTM A351 CK3MCuN,ASME 150,7.4
-29,400,ASTM A351 CK3MCuN,ASME 150,6.5
-29,38,ASTM A351 CK3MCuN,ASME 300,51.7
-29,50,ASTM A351 CK3MCuN,ASME 300,51.7
-29,100,ASTM A351 CK3MCuN,ASME 300,50.7
-29,150,ASTM A351 CK3MCuN,ASME 300,45.9
-29,200,ASTM A351 CK3MCuN,ASME 300,42.7
-29,250,ASTM A351 CK3MCuN,ASME 300,40.5
-29,300,ASTM A351 CK3MCuN,ASME 300,38.9
-29,325,ASTM A351 CK3MCuN,ASME 300,38.2
-29,350,ASTM A351 CK3MCuN,ASME 300,37.6
-29,375,ASTM A351 CK3MCuN,ASME 300,37.4
-29,400,ASTM A351 CK3MCuN,ASME 300,36.5
-29,38,ASTM A351 CK3MCuN,ASME 600,103.4
-29,50,ASTM A351 CK3MCuN,ASME 600,103.4
-29,100,ASTM A351 CK3MCuN,ASME 600,101.3
-29,150,ASTM A351 CK3MCuN,ASME 600,91.9
-29,200,ASTM A351 CK3MCuN,ASME 600,85.3
-29,250,ASTM A351 CK3MCuN,ASME 600,80.9
-29,300,ASTM A351 CK3MCuN,ASME 600,77.7
-29,325,ASTM A351 CK3MCuN,ASME 600,76.3
-29,350,ASTM A351 CK3MCuN,ASME 600,75.3
-29,375,ASTM A351 CK3MCuN,ASME 600,74.7
-29,400,ASTM A351 CK3MCuN,ASME 600,73.3
-29,38,ASTM A351 CK3MCuN,ASME 900,155.1
-29,50,ASTM A351 CK3MCuN,ASME 900,155.1
-29,100,ASTM A351 CK3MCuN,ASME 900,152
-29,150,ASTM A351 CK3MCuN,ASME 900,137.8
-29,200,ASTM A351 CK3MCuN,ASME 900,128
-29,250,ASTM A351 CK3MCuN,ASME 900,121.4
-29,300,ASTM A351 CK3MCuN,ASME 900,116.6
-29,325,ASTM A351 CK3MCuN,ASME 900,114.5
-29,350,ASTM A351 CK3MCuN,ASME 900,112.9
-29,375,ASTM A351 CK3MCuN,ASME 900,112.1
-29,400,ASTM A351 CK3MCuN,ASME 900,109.8
-29,38,ASTM A351 CK3MCuN,ASME 1500,258.6
-29,50,ASTM A351 CK3MCuN,ASME 1500,258.6
-29,100,ASTM A351 CK3MCuN,ASME 1500,253.3
-29,150,ASTM A351 CK3MCuN,ASME 1500,229.6
-29,200,ASTM A351 CK3MCuN,ASME 1500,213.3
-29,250,ASTM A351 CK3MCuN,ASME 1500,202.3
-29,300,ASTM A351 CK3MCuN,ASME 1500,194.3
-29,325,ASTM A351 CK3MCuN,ASME 1500,190.8
-29,350,ASTM A351 CK3MCuN,ASME 1500,188.2
-29,375,ASTM A351 CK3MCuN,ASME 1500,186.8
-29,400,ASTM A351 CK3MCuN,ASME 1500,183.1
-29,38,ASTM A351 CK3MCuN,ASME 2500,430.9
-29,50,ASTM A351 CK3MCuN,ASME 2500,430.9
-29,100,ASTM A351 CK3MCuN,ASME 2500,422.2
-29,150,ASTM A351 CK3MCuN,ASME 2500,382.7
-29,200,ASTM A351 CK3MCuN,ASME 2500,355.4
-29,250,ASTM A351 CK3MCuN,ASME 2500,337.2
-29,300,ASTM A351 CK3MCuN,ASME 2500,323.8
-29,325,ASTM A351 CK3MCuN,ASME 2500,318
-29,350,ASTM A351 CK3MCuN,ASME 2500,313.7
-29,375,ASTM A351 CK3MCuN,ASME 2500,311.3
-29,400,ASTM A351 CK3MCuN,ASME 2500,304.9
-29,38,ASTM A995 CD3MWCuN (6A),ASME 150,20
-29,50,ASTM A995 CD3MWCuN (6A),ASME 150,19.5
-29,100,ASTM A995 CD3MWCuN (6A),ASME 150,17.7
-29,150,ASTM A995 CD3MWCuN (6A),ASME 150,15.8
-29,200,ASTM A995 CD3MWCuN (6A),ASME 150,13.8
-29,250,ASTM A995 CD3MWCuN (6A),ASME 150,12.1
-29,300,ASTM A995 CD3MWCuN (6A),ASME 150,10.2
-29,325,ASTM A995 CD3MWCuN (6A),ASME 150,9.3
-29,350,ASTM A995 CD3MWCuN (6A),ASME 150,8.4
-29,375,ASTM A995 CD3MWCuN (6A),ASME 150,7.4
-29,400,ASTM A995 CD3MWCuN (6A),ASME 150,6.5
-29,38,ASTM A995 CD3MWCuN (6A),ASME 300,51.7
-29,50,ASTM A995 CD3MWCuN (6A),ASME 300,51.7
-29,100,ASTM A995 CD3MWCuN (6A),ASME 300,50.7
-29,150,ASTM A995 CD3MWCuN (6A),ASME 300,45.9
-29,200,ASTM A995 CD3MWCuN (6A),ASME 300,42.7
-29,250,ASTM A995 CD3MWCuN (6A),ASME 300,40.5
-29,300,ASTM A995 CD3MWCuN (6A),ASME 300,38.9
-29,325,ASTM A995 CD3MWCuN (6A),ASME 300,38.2
-29,350,ASTM A995 CD3MWCuN (6A),ASME 300,37.6
-29,375,ASTM A995 CD3MWCuN (6A),ASME 300,37.4
-29,400,ASTM A995 CD3MWCuN (6A),ASME 300,36.5
-29,38,ASTM A995 CD3MWCuN (6A),ASME 600,103.4
-29,50,ASTM A995 CD3MWCuN (6A),ASME 600,103.4
-29,100,ASTM A995 CD3MWCuN (6A),ASME 600,101.3
-29,150,ASTM A995 CD3MWCuN (6A),ASME 600,91.9
-29,200,ASTM A995 CD3MWCuN (6A),ASME 600,85.3
-29,250,ASTM A995 CD3MWCuN (6A),ASME 600,80.9
-29,300,ASTM A995 CD3MWCuN (6A),ASME 600,77.7
-29,325,ASTM A995 CD3MWCuN (6A),ASME 600,76.3
-29,350,ASTM A995 CD3MWCuN (6A),ASME 600,75.3
-29,375,ASTM A995 CD3MWCuN (6A),ASME 600,74.7
-29,400,ASTM A995 CD3MWCuN (6A),ASME 600,73.3
-29,38,ASTM A995 CD3MWCuN (6A),ASME 900,155.1
-29,50,ASTM A995 CD3MWCuN (6A),ASME 900,155.1
-29,100,ASTM A995 CD3MWCuN (6A),ASME 900,152
-29,150,ASTM A995 CD3MWCuN (6A),ASME 900,137.8
-29,200,ASTM A995 CD3MWCuN (6A),ASME 900,128
-29,250,ASTM A995 CD3MWCuN (6A),ASME 900,121.4
-29,300,ASTM A995 CD3MWCuN (6A),ASME 900,116.6
-29,325,ASTM A995 CD3MWCuN (6A),ASME 900,114.5
-29,350,ASTM A995 CD3MWCuN (6A),ASME 900,112.9
-29,375,ASTM A995 CD3MWCuN (6A),ASME 900,112.1
-29,400,ASTM A995 CD3MWCuN (6A),ASME 900,109.8
-29,38,ASTM A995 CD3MWCuN (6A),ASME 1500,258.6
-29,50,ASTM A995 CD3MWCuN (6A),ASME 1500,258.6
-29,100,ASTM A995 CD3MWCuN (6A),ASME 1500,253.3
-29,150,ASTM A995 CD3MWCuN (6A),ASME 1500,229.6
-29,200,ASTM A995 CD3MWCuN (6A),ASME 1500,213.3
-29,250,ASTM A995 CD3MWCuN (6A),ASME 1500,202.3
-29,300,ASTM A995 CD3MWCuN (6A),ASME 1500,194.3
-29,325,ASTM A995 CD3MWCuN (6A),ASME 1500,190.8
-29,350,ASTM A995 CD3MWCuN (6A),ASME 1500,188.2
-29,375,ASTM A995 CD3MWCuN (6A),ASME 1500,186.8
-29,400,ASTM A995 CD3MWCuN (6A),ASME 1500,183.1
-29,38,ASTM A995 CD3MWCuN (6A),ASME 2500,430.9
-29,50,ASTM A995 CD3MWCuN (6A),ASME 2500,430.9
-29,100,ASTM A995 CD3MWCuN (6A),ASME 2500,422.2
-29,150,ASTM A995 CD3MWCuN (6A),ASME 2500,382.7
-29,200,ASTM A995 CD3MWCuN (6A),ASME 2500,355.4
-29,250,ASTM A995 CD3MWCuN (6A),ASME 2500,337.2
-29,300,ASTM A995 CD3MWCuN (6A),ASME 2500,323.8
-29,325,ASTM A995 CD3MWCuN (6A),ASME 2500,318
-29,350,ASTM A995 CD3MWCuN (6A),ASME 2500,313.7
-29,375,ASTM A995 CD3MWCuN (6A),ASME 2500,311.3
-29,400,ASTM A995 CD3MWCuN (6A),ASME 2500,304.9
-29,38,ASTM A995 CE8MN (5A),ASME 150,20
-29,50,ASTM A995 CE8MN (5A),ASME 150,19.5
-29,100,ASTM A995 CE8MN (5A),ASME 150,17.7
-29,150,ASTM A995 CE8MN (5A),ASME 150,15.8
-29,200,ASTM A995 CE8MN (5A),ASME 150,13.8
-29,250,ASTM A995 CE8MN (5A),ASME 150,12.1
-29,300,ASTM A995 CE8MN (5A),ASME 150,10.2
-29,325,ASTM A995 CE8MN (5A),ASME 150,9.3
-29,350,ASTM A995 CE8MN (5A),ASME 150,8.4
-29,375,ASTM A995 CE8MN (5A),ASME 150,7.4
-29,400,ASTM A995 CE8MN (5A),ASME 150,6.5
-29,38,ASTM A995 CE8MN (5A),ASME 300,51.7
-29,50,ASTM A995 CE8MN (5A),ASME 300,51.7
-29,100,ASTM A995 CE8MN (5A),ASME 300,50.7
-29,150,ASTM A995 CE8MN (5A),ASME 300,45.9
-29,200,ASTM A995 CE8MN (5A),ASME 300,42.7
-29,250,ASTM A995 CE8MN (5A),ASME 300,40.5
-29,300,ASTM A995 CE8MN (5A),ASME 300,38.9
-29,325,ASTM A995 CE8MN (5A),ASME 300,38.2
-29,350,ASTM A995 CE8MN (5A),ASME 300,37.6
-29,375,ASTM A995 CE8MN (5A),ASME 300,37.4
-29,400,ASTM A995 CE8MN (5A),ASME 300,36.5
-29,38,ASTM A995 CE8MN (5A),ASME 600,103.4
-29,50,ASTM A995 CE8MN (5A),ASME 600,103.4
-29,100,ASTM A995 CE8MN (5A),ASME 600,101.3
-29,150,ASTM A995 CE8MN (5A),ASME 600,91.9
-29,200,ASTM A995 CE8MN (5A),ASME 600,85.3
-29,250,ASTM A995 CE8MN (5A),ASME 600,80.9
-29,300,ASTM A995 CE8MN (5A),ASME 600,77.7
-29,325,ASTM A995 CE8MN (5A),ASME 600,76.3
-29,350,ASTM A995 CE8MN (5A),ASME 600,75.3
-29,375,ASTM A995 CE8MN (5A),ASME 600,74.7
-29,400,ASTM A995 CE8MN (5A),ASME 600,73.3
-29,38,ASTM A995 CE8MN (5A),ASME 900,155.1
-29,50,ASTM A995 CE8MN (5A),ASME 900,155.1
-29,100,ASTM A995 CE8MN (5A),ASME 900,152
-29,150,ASTM A995 CE8MN (5A),ASME 900,137.8
-29,200,ASTM A995 CE8MN (5A),ASME 900,128
-29,250,ASTM A995 CE8MN (5A),ASME 900,121.4
-29,300,ASTM A995 CE8MN (5A),ASME 900,116.6
-29,325,ASTM A995 CE8MN (5A),ASME 900,114.5
-29,350,ASTM A995 CE8MN (5A),ASME 900,112.9
-29,375,ASTM A995 CE8MN (5A),ASME 900,112.1
-29,400,ASTM A995 CE8MN (5A),ASME 900,109.8
-29,38,ASTM A995 CE8MN (5A),ASME 1500,258.6
-29,50,ASTM A995 CE8MN (5A),ASME 1500,258.6
-29,100,ASTM A995 CE8MN (5A),ASME 1500,253.3
-29,150,ASTM A995 CE8MN (5A),ASME 1500,229.6
-29,200,ASTM A995 CE8MN (5A),ASME 1500,213.3
-29,250,ASTM A995 CE8MN (5A),ASME 1500,202.3
-29,300,ASTM A995 CE8MN (5A),ASME 1500,194.3
-29,325,ASTM A995 CE8MN (5A),ASME 1500,190.8
-29,350,ASTM A995 CE8MN (5A),ASME 1500,188.2
-29,375,ASTM A995 CE8MN (5A),ASME 1500,186.8
-29,400,ASTM A995 CE8MN (5A),ASME 1500,183.1
-29,38,ASTM A995 CE8MN (5A),ASME 2500,430.9
-29,50,ASTM A995 CE8MN (5A),ASME 2500,430.9
-29,100,ASTM A995 CE8MN (5A),ASME 2500,422.2
-29,150,ASTM A995 CE8MN (5A),ASME 2500,382.7
-29,200,ASTM A995 CE8MN (5A),ASME 2500,355.4
-29,250,ASTM A995 CE8MN (5A),ASME 2500,337.2
-29,300,ASTM A995 CE8MN (5A),ASME 2500,323.8
-29,325,ASTM A995 CE8MN (5A),ASME 2500,318
-29,350,ASTM A995 CE8MN (5A),ASME 2500,313.7
-29,375,ASTM A995 CE8MN (5A),ASME 2500,311.3
-29,400,ASTM A995 CE8MN (5A),ASME 2500,304.9
-29,38,ASTM A995 CD3MN (4A),ASME 150,20
-29,50,ASTM A995 CD3MN (4A),ASME 150,19.5
-29,100,ASTM A995 CD3MN (4A),ASME 150,17.7
-29,150,ASTM A995 CD3MN (4A),ASME 150,15.8
-29,200,ASTM A995 CD3MN (4A),ASME 150,13.8
-29,250,ASTM A995 CD3MN (4A),ASME 150,12.1
-29,300,ASTM A995 CD3MN (4A),ASME 150,10.2
-29,325,ASTM A995 CD3MN (4A),ASME 150,9.3
-29,350,ASTM A995 CD3MN (4A),ASME 150,8.4
-29,375,ASTM A995 CD3MN (4A),ASME 150,7.4
-29,400,ASTM A995 CD3MN (4A),ASME 150,6.5
-29,38,ASTM A995 CD3MN (4A),ASME 300,51.7
-29,50,ASTM A995 CD3MN (4A),ASME 300,51.7
-29,100,ASTM A995 CD3MN (4A),ASME 300,50.7
-29,150,ASTM A995 CD3MN (4A),ASME 300,45.9
-29,200,ASTM A995 CD3MN (4A),ASME 300,42.7
-29,250,ASTM A995 CD3MN (4A),ASME 300,40.5
-29,300,ASTM A995 CD3MN (4A),ASME 300,38.9
-29,325,ASTM A995 CD3MN (4A),ASME 300,38.2
-29,350,ASTM A995 CD3MN (4A),ASME 300,37.6
-29,375,ASTM A995 CD3MN (4A),ASME 300,37.4
-29,400,ASTM A995 CD3MN (4A),ASME 300,36.5
-29,38,ASTM A995 CD3MN (4A),ASME 600,103.4
-29,50,ASTM A995 CD3MN (4A),ASME 600,103.4
-29,100,ASTM A995 CD3MN (4A),ASME 600,101.3
-29,150,ASTM A995 CD3MN (4A),ASME 600,91.9
-29,200,ASTM A995 CD3MN (4A),ASME 600,85.3
-29,250,ASTM A995 CD3MN (4A),ASME 600,80.9
-29,300,ASTM A995 CD3MN (4A),ASME 600,77.7
-29,325,ASTM A995 CD3MN (4A),ASME 600,76.3
-29,350,ASTM A995 CD3MN (4A),ASME 600,75.3
-29,375,ASTM A995 CD3MN (4A),ASME 600,74.7
-29,400,ASTM A995 CD3MN (4A),ASME 600,73.3
-29,38,ASTM A995 CD3MN (4A),ASME 900,155.1
-29,50,ASTM A995 CD3MN (4A),ASME 900,155.1
-29,100,ASTM A995 CD3MN (4A),ASME 900,152
-29,150,ASTM A995 CD3MN (4A),ASME 900,137.8
-29,200,ASTM A995 CD3MN (4A),ASME 900,128
-29,250,ASTM A995 CD3MN (4A),ASME 900,121.4
-29,300,ASTM A995 CD3MN (4A),ASME 900,116.6
-29,325,ASTM A995 CD3MN (4A),ASME 900,114.5
-29,350,ASTM A995 CD3MN (4A),ASME 900,112.9
-29,375,ASTM A995 CD3MN (4A),ASME 900,112.1
-29,400,ASTM A995 CD3MN (4A),ASME 900,109.8
-29,38,ASTM A995 CD3MN (4A),ASME 1500,258.6
-29,50,ASTM A995 CD3MN (4A),ASME 1500,258.6
-29,100,ASTM A995 CD3MN (4A),ASME 1500,253.3
-29,150,ASTM A995 CD3MN (4A),ASME 1500,229.6
-29,200,ASTM A995 CD3MN (4A),ASME 1500,213.3
-29,250,ASTM A995 CD3MN (4A),ASME 1500,202.3
-29,300,ASTM A995 CD3MN (4A),ASME 1500,194.3
-29,325,ASTM A995 CD3MN (4A),ASME 1500,190.8
-29,350,ASTM A995 CD3MN (4A),ASME 1500,188.2
-29,375,ASTM A995 CD3MN (4A),ASME 1500,186.8
-29,400,ASTM A995 CD3MN (4A),ASME 1500,183.1
-29,38,ASTM A995 CD3MN (4A),ASME 2500,430.9
-29,50,ASTM A995 CD3MN (4A),ASME 2500,430.9
-29,100,ASTM A995 CD3MN (4A),ASME 2500,422.2
-29,150,ASTM A995 CD3MN (4A),ASME 2500,382.7
-29,200,ASTM A995 CD3MN (4A),ASME 2500,355.4
-29,250,ASTM A995 CD3MN (4A),ASME 2500,337.2
-29,300,ASTM A995 CD3MN (4A),ASME 2500,323.8
-29,325,ASTM A995 CD3MN (4A),ASME 2500,318
-29,350,ASTM A995 CD3MN (4A),ASME 2500,313.7
-29,375,ASTM A995 CD3MN (4A),ASME 2500,311.3
-29,400,ASTM A995 CD3MN (4A),ASME 2500,304.9
-29,38,ASTM A217 WC6,ASME 150,19.8
-29,50,ASTM A217 WC6,ASME 150,19.5
-29,100,ASTM A217 WC6,ASME 150,17.7
-29,150,ASTM A217 WC6,ASME 150,15.8
-29,200,ASTM A217 WC6,ASME 150,13.8
-29,250,ASTM A217 WC6,ASME 150,12.1
-29,300,ASTM A217 WC6,ASME 150,10.2
-29,325,ASTM A217 WC6,ASME 150,9.3
-29,350,ASTM A217 WC6,ASME 150,8.4
-29,375,ASTM A217 WC6,ASME 150,7.4
-29,400,ASTM A217 WC6,ASME 150,6.5
-29,425,ASTM A217 WC6,ASME 150,5.5
-29,450,ASTM A217 WC6,ASME 150,4.6
-29,475,ASTM A217 WC6,ASME 150,3.7
-29,500,ASTM A217 WC6,ASME 150,2.8
-29,538,ASTM A217 WC6,ASME 150,1.4
-29,550,ASTM A217 WC6,ASME 150,1.4
-29,575,ASTM A217 WC6,ASME 150,1.4
-29,600,ASTM A217 WC6,ASME 150,1.4
-29,625,ASTM A217 WC6,ASME 150,1.4
-29,650,ASTM A217 WC6,ASME 150,1.1
-29,38,ASTM A217 WC6,ASME 300,51.7
-29,50,ASTM A217 WC6,ASME 300,51.7
-29,100,ASTM A217 WC6,ASME 300,51.5
-29,150,ASTM A217 WC6,ASME 300,49.7
-29,200,ASTM A217 WC6,ASME 300,48
-29,250,ASTM A217 WC6,ASME 300,46.3
-29,300,ASTM A217 WC6,ASME 300,42.9
-29,325,ASTM A217 WC6,ASME 300,41.4
-29,350,ASTM A217 WC6,ASME 300,40.3
-29,375,ASTM A217 WC6,ASME 300,38.9
-29,400,ASTM A217 WC6,ASME 300,36.5
-29,425,ASTM A217 WC6,ASME 300,35.2
-29,450,ASTM A217 WC6,ASME 300,33.7
-29,475,ASTM A217 WC6,ASME 300,31.7
-29,500,ASTM A217 WC6,ASME 300,25.7
-29,538,ASTM A217 WC6,ASME 300,14.9
-29,550,ASTM A217 WC6,ASME 300,12.7
-29,575,ASTM A217 WC6,ASME 300,8.8
-29,600,ASTM A217 WC6,ASME 300,6.1
-29,625,ASTM A217 WC6,ASME 300,4.3
-29,650,ASTM A217 WC6,ASME 300,2.8
-29,38,ASTM A217 WC6,ASME 600,103.4
-29,50,ASTM A217 WC6,ASME 600,103.4
-29,100,ASTM A217 WC6,ASME 600,103
-29,150,ASTM A217 WC6,ASME 600,99.5
-29,200,ASTM A217 WC6,ASME 600,95.9
-29,250,ASTM A217 WC6,ASME 600,92.7
-29,300,ASTM A217 WC6,ASME 600,85.7
-29,325,ASTM A217 WC6,ASME 600,82.6
-29,350,ASTM A217 WC6,ASME 600,80.4
-29,375,ASTM A217 WC6,ASME 600,77.6
-29,400,ASTM A217 WC6,ASME 600,73.3
-29,425,ASTM A217 WC6,ASME 600,70
-29,450,ASTM A217 WC6,ASME 600,67.7
-29,475,ASTM A217 WC6,ASME 600,63.4
-29,500,ASTM A217 WC6,ASME 600,51.5
-29,538,ASTM A217 WC6,ASME 600,29.8
-29,550,ASTM A217 WC6,ASME 600,25.4
-29,575,ASTM A217 WC6,ASME 600,17.6
-29,600,ASTM A217 WC6,ASME 600,12.2
-29,625,ASTM A217 WC6,ASME 600,8.5
-29,650,ASTM A217 WC6,ASME 600,5.7
-29,38,ASTM A217 WC6,ASME 900,155.1
-29,50,ASTM A217 WC6,ASME 900,155.1
-29,100,ASTM A217 WC6,ASME 900,154.4
-29,150,ASTM A217 WC6,ASME 900,149.2
-29,200,ASTM A217 WC6,ASME 900,143.9
-29,250,ASTM A217 WC6,ASME 900,139
-29,300,ASTM A217 WC6,ASME 900,128.6
-29,325,ASTM A217 WC6,ASME 900,124
-29,350,ASTM A217 WC6,ASME 900,120.7
-29,375,ASTM A217 WC6,ASME 900,116.5
-29,400,ASTM A217 WC6,ASME 900,109.8
-29,425,ASTM A217 WC6,ASME 900,105.1
-29,450,ASTM A217 WC6,ASME 900,101.4
-29,475,ASTM A217 WC6,ASME 900,95.1
-29,500,ASTM A217 WC6,ASME 900,77.2
-29,538,ASTM A217 WC6,ASME 900,44.7
-29,550,ASTM A217 WC6,ASME 900,38.1
-29,575,ASTM A217 WC6,ASME 900,26.4
-29,600,ASTM A217 WC6,ASME 900,18.3
-29,625,ASTM A217 WC6,ASME 900,12.8
-29,650,ASTM A217 WC6,ASME 900,8.5
-29,38,ASTM A217 WC6,ASME 1500,258.6
-29,50,ASTM A217 WC6,ASME 1500,258.6
-29,100,ASTM A217 WC6,ASME 1500,257.4
-29,150,ASTM A217 WC6,ASME 1500,248.7
-29,200,ASTM A217 WC6,ASME 1500,239.8
-29,250,ASTM A217 WC6,ASME 1500,231.8
-29,300,ASTM A217 WC6,ASME 1500,214.4
-29,325,ASTM A217 WC6,ASME 1500,206.6
-29,350,ASTM A217 WC6,ASME 1500,201.1
-29,375,ASTM A217 WC6,ASME 1500,194.1
-29,400,ASTM A217 WC6,ASME 1500,183.1
-29,425,ASTM A217 WC6,ASME 1500,175.1
-29,450,ASTM A217 WC6,ASME 1500,169
-29,475,ASTM A217 WC6,ASME 1500,158.2
-29,500,ASTM A217 WC6,ASME 1500,128.6
-29,538,ASTM A217 WC6,ASME 1500,74.5
-29,550,ASTM A217 WC6,ASME 1500,63.5
-29,575,ASTM A217 WC6,ASME 1500,44
-29,600,ASTM A217 WC6,ASME 1500,30.5
-29,625,ASTM A217 WC6,ASME 1500,21.3
-29,650,ASTM A217 WC6,ASME 1500,14.2
-29,38,ASTM A217 WC6,ASME 2500,430.9
-29,50,ASTM A217 WC6,ASME 2500,430.9
-29,100,ASTM A217 WC6,ASME 2500,429
-29,150,ASTM A217 WC6,ASME 2500,414.5
-29,200,ASTM A217 WC6,ASME 2500,399.6
-29,250,ASTM A217 WC6,ASME 2500,386.2
-29,300,ASTM A217 WC6,ASME 2500,357.1
-29,325,ASTM A217 WC6,ASME 2500,344.3
-29,350,ASTM A217 WC6,ASME 2500,335.3
-29,375,ASTM A217 WC6,ASME 2500,323.2
-29,400,ASTM A217 WC6,ASME 2500,304.9
-29,425,ASTM A217 WC6,ASME 2500,291.6
-29,450,ASTM A217 WC6,ASME 2500,281.8
-29,475,ASTM A217 WC6,ASME 2500,263.9
-29,500,ASTM A217 WC6,ASME 2500,214.4
-29,538,ASTM A217 WC6,ASME 2500,124.1
-29,550,ASTM A217 WC6,ASME 2500,105.9
-29,575,ASTM A217 WC6,ASME 2500,73.4
-29,600,ASTM A217 WC6,ASME 2500,50.9
-29,625,ASTM A217 WC6,ASME 2500,35.5
-29,650,ASTM A217 WC6,ASME 2500,23.6
-29,38,ASTM A217 WC9,ASME 150,19.8
-29,50,ASTM A217 WC9,ASME 150,19.5
-29,100,ASTM A217 WC9,ASME 150,17.7
-29,150,ASTM A217 WC9,ASME 150,15.8
-29,200,ASTM A217 WC9,ASME 150,13.8
-29,250,ASTM A217 WC9,ASME 150,12.1
-29,300,ASTM A217 WC9,ASME 150,10.2
-29,325,ASTM A217 WC9,ASME 150,9.3
-29,350,ASTM A217 WC9,ASME 150,8.4
-29,375,ASTM A217 WC9,ASME 150,7.4
-29,400,ASTM A217 WC9,ASME 150,6.5
-29,425,ASTM A217 WC9,ASME 150,5.5
-29,450,ASTM A217 WC9,ASME 150,4.6
-29,475,ASTM A217 WC9,ASME 150,3.7
-29,500,ASTM A217 WC9,ASME 150,2.8
-29,538,ASTM A217 WC9,ASME 150,1.4
-29,550,ASTM A217 WC9,ASME 150,1.4
-29,575,ASTM A217 WC9,ASME 150,1.4
-29,600,ASTM A217 WC9,ASME 150,1.4
-29,625,ASTM A217 WC9,ASME 150,1.4
-29,650,ASTM A217 WC9,ASME 150,1.1
-29,38,ASTM A217 WC9,ASME 300,51.7
-29,50,ASTM A217 WC9,ASME 300,51.7
-29,100,ASTM A217 WC9,ASME 300,51.5
-29,150,ASTM A217 WC9,ASME 300,50.3
-29,200,ASTM A217 WC9,ASME 300,48.6
-29,250,ASTM A217 WC9,ASME 300,46.3
-29,300,ASTM A217 WC9,ASME 300,42.9
-29,325,ASTM A217 WC9,ASME 300,41.4
-29,350,ASTM A217 WC9,ASME 300,40.3
-29,375,ASTM A217 WC9,ASME 300,38.9
-29,400,ASTM A217 WC9,ASME 300,36.5
-29,425,ASTM A217 WC9,ASME 300,35.2
-29,450,ASTM A217 WC9,ASME 300,33.7
-29,475,ASTM A217 WC9,ASME 300,31.7
-29,500,ASTM A217 WC9,ASME 300,28.2
-29,538,ASTM A217 WC9,ASME 300,18.4
-29,550,ASTM A217 WC9,ASME 300,15.6
-29,575,ASTM A217 WC9,ASME 300,10.5
-29,600,ASTM A217 WC9,ASME 300,6.9
-29,625,ASTM A217 WC9,ASME 300,4.5
-29,650,ASTM A217 WC9,ASME 300,2.8
-29,38,ASTM A217 WC9,ASME 600,103.4
-29,50,ASTM A217 WC9,ASME 600,103.4
-29,100,ASTM A217 WC9,ASME 600,103
-29,150,ASTM A217 WC9,ASME 600,100.3
-29,200,ASTM A217 WC9,ASME 600,97.2
-29,250,ASTM A217 WC9,ASME 600,92.7
-29,300,ASTM A217 WC9,ASME 600,85.7
-29,325,ASTM A217 WC9,ASME 600,82.6
-29,350,ASTM A217 WC9,ASME 600,80.4
-29,375,ASTM A217 WC9,ASME 600,77.6
-29,400,ASTM A217 WC9,ASME 600,73.3
-29,425,ASTM A217 WC9,ASME 600,70
-29,450,ASTM A217 WC9,ASME 600,67.7
-29,475,ASTM A217 WC9,ASME 600,63.4
-29,500,ASTM A217 WC9,ASME 600,56.5
-29,538,ASTM A217 WC9,ASME 600,36.9
-29,550,ASTM A217 WC9,ASME 600,31.3
-29,575,ASTM A217 WC9,ASME 600,21.1
-29,600,ASTM A217 WC9,ASME 600,13.8
-29,625,ASTM A217 WC9,ASME 600,8.9
-29,650,ASTM A217 WC9,ASME 600,5.7
-29,38,ASTM A217 WC9,ASME 900,155.1
-29,50,ASTM A217 WC9,ASME 900,155.1
-29,100,ASTM A217 WC9,ASME 900,154.6
-29,150,ASTM A217 WC9,ASME 900,150.6
-29,200,ASTM A217 WC9,ASME 900,145.8
-29,250,ASTM A217 WC9,ASME 900,139
-29,300,ASTM A217 WC9,ASME 900,128.6
-29,325,ASTM A217 WC9,ASME 900,124
-29,350,ASTM A217 WC9,ASME 900,120.7
-29,375,ASTM A217 WC9,ASME 900,116.5
-29,400,ASTM A217 WC9,ASME 900,109.8
-29,425,ASTM A217 WC9,ASME 900,105.1
-29,450,ASTM A217 WC9,ASME 900,101.4
-29,475,ASTM A217 WC9,ASME 900,95.1
-29,500,ASTM A217 WC9,ASME 900,84.7
-29,538,ASTM A217 WC9,ASME 900,55.3
-29,550,ASTM A217 WC9,ASME 900,46.9
-29,575,ASTM A217 WC9,ASME 900,31.6
-29,600,ASTM A217 WC9,ASME 900,20.7
-29,625,ASTM A217 WC9,ASME 900,13.4
-29,650,ASTM A217 WC9,ASME 900,8.5
-29,38,ASTM A217 WC9,ASME 1500,258.6
-29,50,ASTM A217 WC9,ASME 1500,258.6
-29,100,ASTM A217 WC9,ASME 1500,257.6
-29,150,ASTM A217 WC9,ASME 1500,250.8
-29,200,ASTM A217 WC9,ASME 1500,243.4
-29,250,ASTM A217 WC9,ASME 1500,231.8
-29,300,ASTM A217 WC9,ASME 1500,214.4
-29,325,ASTM A217 WC9,ASME 1500,206.6
-29,350,ASTM A217 WC9,ASME 1500,201.1
-29,375,ASTM A217 WC9,ASME 1500,194.1
-29,400,ASTM A217 WC9,ASME 1500,183.1
-29,425,ASTM A217 WC9,ASME 1500,175.1
-29,450,ASTM A217 WC9,ASME 1500,169
-29,475,ASTM A217 WC9,ASME 1500,158.2
-29,500,ASTM A217 WC9,ASME 1500,140.9
-29,538,ASTM A217 WC9,ASME 1500,92.2
-29,550,ASTM A217 WC9,ASME 1500,78.2
-29,575,ASTM A217 WC9,ASME 1500,52.6
-29,600,ASTM A217 WC9,ASME 1500,34.4
-29,625,ASTM A217 WC9,ASME 1500,22.3
-29,650,ASTM A217 WC9,ASME 1500,14.2
-29,38,ASTM A217 WC9,ASME 2500,430.9
-29,50,ASTM A217 WC9,ASME 2500,430.9
-29,100,ASTM A217 WC9,ASME 2500,429.4
-29,150,ASTM A217 WC9,ASME 2500,418.2
-29,200,ASTM A217 WC9,ASME 2500,405.4
-29,250,ASTM A217 WC9,ASME 2500,386.2
-29,300,ASTM A217 WC9,ASME 2500,357.1
-29,325,ASTM A217 WC9,ASME 2500,344.3
-29,350,ASTM A217 WC9,ASME 2500,335.3
-29,375,ASTM A217 WC9,ASME 2500,323.2
-29,400,ASTM A217 WC9,ASME 2500,304.9
-29,425,ASTM A217 WC9,ASME 2500,291.6
-29,450,ASTM A217 WC9,ASME 2500,281.8
-29,475,ASTM A217 WC9,ASME 2500,263.9
-29,500,ASTM A217 WC9,ASME 2500,235
-29,538,ASTM A217 WC9,ASME 2500,153.7
-29,550,ASTM A217 WC9,ASME 2500,130.3
-29,575,ASTM A217 WC9,ASME 2500,87.7
-29,600,ASTM A217 WC9,ASME 2500,57.4
-29,625,ASTM A217 WC9,ASME 2500,37.2
-29,650,ASTM A217 WC9,ASME 2500,23.6
-29,38,ASTM A217 C12A,ASME 150,20
-29,50,ASTM A217 C12A,ASME 150,19.5
-29,100,ASTM A217 C12A,ASME 150,17.7
-29,150,ASTM A217 C12A,ASME 150,15.8
-29,200,ASTM A217 C12A,ASME 150,13.8
-29,250,ASTM A217 C12A,ASME 150,12.1
-29,300,ASTM A217 C12A,ASME 150,10.2
-29,325,ASTM A217 C12A,ASME 150,9.3
-29,350,ASTM A217 C12A,ASME 150,8.4
-29,375,ASTM A217 C12A,ASME 150,7.4
-29,400,ASTM A217 C12A,ASME 150,6.5
-29,425,ASTM A217 C12A,ASME 150,5.5
-29,450,ASTM A217 C12A,ASME 150,4.6
-29,475,ASTM A217 C12A,ASME 150,3.7
-29,500,ASTM A217 C12A,ASME 150,2.8
-29,538,ASTM A217 C12A,ASME 150,1.4
-29,550,ASTM A217 C12A,ASME 150,1.4
-29,575,ASTM A217 C12A,ASME 150,1.4
-29,600,ASTM A217 C12A,ASME 150,1.4
-29,625,ASTM A217 C12A,ASME 150,1.4
-29,650,ASTM A217 C12A,ASME 150,1.4
-29,38,ASTM A217 C12A,ASME 300,51.7
-29,50,ASTM A217 C12A,ASME 300,51.7
-29,100,ASTM A217 C12A,ASME 300,51.5
-29,150,ASTM A217 C12A,ASME 300,50.3
-29,200,ASTM A217 C12A,ASME 300,48.6
-29,250,ASTM A217 C12A,ASME 300,46.3
-29,300,ASTM A217 C12A,ASME 300,42.9
-29,325,ASTM A217 C12A,ASME 300,41.4
-29,350,ASTM A217 C12A,ASME 300,40.3
-29,375,ASTM A217 C12A,ASME 300,38.9
-29,400,ASTM A217 C12A,ASME 300,36.5
-29,425,ASTM A217 C12A,ASME 300,35.2
-29,450,ASTM A217 C12A,ASME 300,33.7
-29,475,ASTM A217 C12A,ASME 300,31.7
-29,500,ASTM A217 C12A,ASME 300,28.2
-29,538,ASTM A217 C12A,ASME 300,25.2
-29,550,ASTM A217 C12A,ASME 300,25
-29,575,ASTM A217 C12A,ASME 300,24
-29,600,ASTM A217 C12A,ASME 300,18.6
-29,625,ASTM A217 C12A,ASME 300,12.6
-29,650,ASTM A217 C12A,ASME 300,8.2
-29,38,ASTM A217 C12A,ASME 600,103.4
-29,50,ASTM A217 C12A,ASME 600,103.4
-29,100,ASTM A217 C12A,ASME 600,103
-29,150,ASTM A217 C12A,ASME 600,100.3
-29,200,ASTM A217 C12A,ASME 600,97.2
-29,250,ASTM A217 C12A,ASME 600,92.7
-29,300,ASTM A217 C12A,ASME 600,85.7
-29,325,ASTM A217 C12A,ASME 600,82.6
-29,350,ASTM A217 C12A,ASME 600,80.4
-29,375,ASTM A217 C12A,ASME 600,77.6
-29,400,ASTM A217 C12A,ASME 600,73.3
-29,425,ASTM A217 C12A,ASME 600,70
-29,450,ASTM A217 C12A,ASME 600,67.7
-29,475,ASTM A217 C12A,ASME 600,63.4
-29,500,ASTM A217 C12A,ASME 600,56.5
-29,538,ASTM A217 C12A,ASME 600,50
-29,550,ASTM A217 C12A,ASME 600,49.8
-29,575,ASTM A217 C12A,ASME 600,47.9
-29,600,ASTM A217 C12A,ASME 600,37.2
-29,625,ASTM A217 C12A,ASME 600,25.2
-29,650,ASTM A217 C12A,ASME 600,16.5
-29,38,ASTM A217 C12A,ASME 900,155.1
-29,50,ASTM A217 C12A,ASME 900,155.1
-29,100,ASTM A217 C12A,ASME 900,154.6
-29,150,ASTM A217 C12A,ASME 900,150.6
-29,200,ASTM A217 C12A,ASME 900,145.8
-29,250,ASTM A217 C12A,ASME 900,139
-29,300,ASTM A217 C12A,ASME 900,128.6
-29,325,ASTM A217 C12A,ASME 900,124
-29,350,ASTM A217 C12A,ASME 900,120.7
-29,375,ASTM A217 C12A,ASME 900,116.5
-29,400,ASTM A217 C12A,ASME 900,109.8
-29,425,ASTM A217 C12A,ASME 900,105.1
-29,450,ASTM A217 C12A,ASME 900,101.4
-29,475,ASTM A217 C12A,ASME 900,95.1
-29,500,ASTM A217 C12A,ASME 900,84.7
-29,538,ASTM A217 C12A,ASME 900,75.2
-29,550,ASTM A217 C12A,ASME 900,74.8
-29,575,ASTM A217 C12A,ASME 900,71.8
-29,600,ASTM A217 C12A,ASME 900,55.9
-29,625,ASTM A217 C12A,ASME 900,37.9
-29,650,ASTM A217 C12A,ASME 900,24.7
-29,38,ASTM A217 C12A,ASME 1500,258.6
-29,50,ASTM A217 C12A,ASME 1500,258.6
-29,100,ASTM A217 C12A,ASME 1500,257.6
-29,150,ASTM A217 C12A,ASME 1500,250.8
-29,200,ASTM A217 C12A,ASME 1500,243.4
-29,250,ASTM A217 C12A,ASME 1500,231.8
-29,300,ASTM A217 C12A,ASME 1500,214.4
-29,325,ASTM A217 C12A,ASME 1500,206.6
-29,350,ASTM A217 C12A,ASME 1500,201.1
-29,375,ASTM A217 C12A,ASME 1500,194.1
-29,400,ASTM A217 C12A,ASME 1500,183.1
-29,425,ASTM A217 C12A,ASME 1500,175.1
-29,450,ASTM A217 C12A,ASME 1500,169
-29,475,ASTM A217 C12A,ASME 1500,158.2
-29,500,ASTM A217 C12A,ASME 1500,140.9
-29,538,ASTM A217 C12A,ASME 1500,125.5
-29,550,ASTM A217 C12A,ASME 1500,124.9
-29,575,ASTM A217 C12A,ASME 1500,119.7
-29,600,ASTM A217 C12A,ASME 1500,93.1
-29,625,ASTM A217 C12A,ASME 1500,63.1
-29,650,ASTM A217 C12A,ASME 1500,41.1
-29,38,ASTM A217 C12A,ASME 2500,430.9
-29,50,ASTM A217 C12A,ASME 2500,430.9
-29,100,ASTM A217 C12A,ASME 2500,429.4
-29,150,ASTM A217 C12A,ASME 2500,418.2
-29,200,ASTM A217 C12A,ASME 2500,405.4
-29,250,ASTM A217 C12A,ASME 2500,386.2
-29,300,ASTM A217 C12A,ASME 2500,357.1
-29,325,ASTM A217 C12A,ASME 2500,344.3
-29,350,ASTM A217 C12A,ASME 2500,335.3
-29,375,ASTM A217 C12A,ASME 2500,323.2
-29,400,ASTM A217 C12A,ASME 2500,304.9
-29,425,ASTM A217 C12A,ASME 2500,291.6
-29,450,ASTM A217 C12A,ASME 2500,281.8
-29,475,ASTM A217 C12A,ASME 2500,263.9
-29,500,ASTM A217 C12A,ASME 2500,235
-29,538,ASTM A217 C12A,ASME 2500,208.9
-29,550,ASTM A217 C12A,ASME 2500,208
-29,575,ASTM A217 C12A,ASME 2500,199.5
-29,600,ASTM A217 C12A,ASME 2500,155.1
-29,625,ASTM A217 C12A,ASME 2500,105.1
-29,650,ASTM A217 C12A,ASME 2500,68.6
-29,38,ASTM A217 C5,ASME 150,20
-29,50,ASTM A217 C5,ASME 150,19.5
-29,100,ASTM A217 C5,ASME 150,17.7
-29,150,ASTM A217 C5,ASME 150,15.8
-29,200,ASTM A217 C5,ASME 150,13.8
-29,250,ASTM A217 C5,ASME 150,12.1
-29,300,ASTM A217 C5,ASME 150,10.2
-29,325,ASTM A217 C5,ASME 150,9.3
-29,350,ASTM A217 C5,ASME 150,8.4
-29,375,ASTM A217 C5,ASME 150,7.4
-29,400,ASTM A217 C5,ASME 150,6.5
-29,425,ASTM A217 C5,ASME 150,5.5
-29,450,ASTM A217 C5,ASME 150,4.6
-29,475,ASTM A217 C5,ASME 150,3.7
-29,500,ASTM A217 C5,ASME 150,2.8
-29,538,ASTM A217 C5,ASME 150,1.4
-29,550,ASTM A217 C5,ASME 150,1.4
-29,575,ASTM A217 C5,ASME 150,1.4
-29,600,ASTM A217 C5,ASME 150,1.4
-29,625,ASTM A217 C5,ASME 150,1.4
-29,650,ASTM A217 C5,ASME 150,0.9
-29,38,ASTM A217 C5,ASME 300,51.7
-29,50,ASTM A217 C5,ASME 300,51.7
-29,100,ASTM A217 C5,ASME 300,51.5
-29,150,ASTM A217 C5,ASME 300,50.3
-29,200,ASTM A217 C5,ASME 300,48.6
-29,250,ASTM A217 C5,ASME 300,46.3
-29,300,ASTM A217 C5,ASME 300,42.9
-29,325,ASTM A217 C5,ASME 300,41.4
-29,350,ASTM A217 C5,ASME 300,40.3
-29,375,ASTM A217 C5,ASME 300,38.9
-29,400,ASTM A217 C5,ASME 300,36.5
-29,425,ASTM A217 C5,ASME 300,35.2
-29,450,ASTM A217 C5,ASME 300,33.7
-29,475,ASTM A217 C5,ASME 300,27.9
-29,500,ASTM A217 C5,ASME 300,21.4
-29,538,ASTM A217 C5,ASME 300,13.7
-29,550,ASTM A217 C5,ASME 300,12
-29,575,ASTM A217 C5,ASME 300,8.9
-29,600,ASTM A217 C5,ASME 300,6.2
-29,625,ASTM A217 C5,ASME 300,4
-29,650,ASTM A217 C5,ASME 300,2.4
-29,38,ASTM A217 C5,ASME 600,103.4
-29,50,ASTM A217 C5,ASME 600,103.4
-29,100,ASTM A217 C5,ASME 600,103
-29,150,ASTM A217 C5,ASME 600,100.3
-29,200,ASTM A217 C5,ASME 600,97.2
-29,250,ASTM A217 C5,ASME 600,92.7
-29,300,ASTM A217 C5,ASME 600,85.7
-29,325,ASTM A217 C5,ASME 600,82.6
-29,350,ASTM A217 C5,ASME 600,80.4
-29,375,ASTM A217 C5,ASME 600,77.6
-29,400,ASTM A217 C5,ASME 600,73.3
-29,425,ASTM A217 C5,ASME 600,70
-29,450,ASTM A217 C5,ASME 600,67.7
-29,475,ASTM A217 C5,ASME 600,55.7
-29,500,ASTM A217 C5,ASME 600,42.8
-29,538,ASTM A217 C5,ASME 600,27.4
-29,550,ASTM A217 C5,ASME 600,24.1
-29,575,ASTM A217 C5,ASME 600,17.8
-29,600,ASTM A217 C5,ASME 600,12.5
-29,625,ASTM A217 C5,ASME 600,8
-29,650,ASTM A217 C5,ASME 600,4.7
-29,38,ASTM A217 C5,ASME 900,155.1
-29,50,ASTM A217 C5,ASME 900,155.1
-29,100,ASTM A217 C5,ASME 900,154.6
-29,150,ASTM A217 C5,ASME 900,150.6
-29,200,ASTM A217 C5,ASME 900,145.8
-29,250,ASTM A217 C5,ASME 900,139
-29,300,ASTM A217 C5,ASME 900,128.6
-29,325,ASTM A217 C5,ASME 900,124
-29,350,ASTM A217 C5,ASME 900,120.7
-29,375,ASTM A217 C5,ASME 900,116.5
-29,400,ASTM A217 C5,ASME 900,109.8
-29,425,ASTM A217 C5,ASME 900,105.1
-29,450,ASTM A217 C5,ASME 900,101.4
-29,475,ASTM A217 C5,ASME 900,83.6
-29,500,ASTM A217 C5,ASME 900,64.1
-29,538,ASTM A217 C5,ASME 900,41.1
-29,550,ASTM A217 C5,ASME 900,36.1
-29,575,ASTM A217 C5,ASME 900,26.7
-29,600,ASTM A217 C5,ASME 900,18.7
-29,625,ASTM A217 C5,ASME 900,12
-29,650,ASTM A217 C5,ASME 900,7.1
-29,38,ASTM A217 C5,ASME 1500,258.6
-29,50,ASTM A217 C5,ASME 1500,258.6
-29,100,ASTM A217 C5,ASME 1500,257.6
-29,150,ASTM A217 C5,ASME 1500,250.8
-29,200,ASTM A217 C5,ASME 1500,243.4
-29,250,ASTM A217 C5,ASME 1500,231.8
-29,300,ASTM A217 C5,ASME 1500,214.4
-29,325,ASTM A217 C5,ASME 1500,206.6
-29,350,ASTM A217 C5,ASME 1500,201.1
-29,375,ASTM A217 C5,ASME 1500,194.1
-29,400,ASTM A217 C5,ASME 1500,183.1
-29,425,ASTM A217 C5,ASME 1500,175.1
-29,450,ASTM A217 C5,ASME 1500,169
-29,475,ASTM A217 C5,ASME 1500,139.3
-29,500,ASTM A217 C5,ASME 1500,106.9
-29,538,ASTM A217 C5,ASME 1500,68.6
-29,550,ASTM A217 C5,ASME 1500,60.2
-29,575,ASTM A217 C5,ASME 1500,44.4
-29,600,ASTM A217 C5,ASME 1500,31.2
-29,625,ASTM A217 C5,ASME 1500,20
-29,650,ASTM A217 C5,ASME 1500,11.8
-29,38,ASTM A217 C5,ASME 2500,430.9
-29,50,ASTM A217 C5,ASME 2500,430.9
-29,100,ASTM A217 C5,ASME 2500,429.4
-29,150,ASTM A217 C5,ASME 2500,418.2
-29,200,ASTM A217 C5,ASME 2500,405.4
-29,250,ASTM A217 C5,ASME 2500,386.2
-29,300,ASTM A217 C5,ASME 2500,357.1
-29,325,ASTM A217 C5,ASME 2500,344.3
-29,350,ASTM A217 C5,ASME 2500,335.3
-29,375,ASTM A217 C5,ASME 2500,323.2
-29,400,ASTM A217 C5,ASME 2500,304.9
-29,425,ASTM A217 C5,ASME 2500,291.6
-29,450,ASTM A217 C5,ASME 2500,281.8
-29,475,ASTM A217 C5,ASME 2500,232.1
-29,500,ASTM A217 C5,ASME 2500,178.2
-29,538,ASTM A217 C5,ASME 2500,114.3
-29,550,ASTM A217 C5,ASME 2500,100.4
-29,575,ASTM A217 C5,ASME 2500,74
-29,600,ASTM A217 C5,ASME 2500,51.9
-29,625,ASTM A217 C5,ASME 2500,33.3
-29,650,ASTM A217 C5,ASME 2500,19.7
